store_name,igive_url,donation_rate,actual_store_url
1 Stop Florists,https://www.iGive.com/1stopflorists,2.8%,Manual Check Required
1-800 CONTACTS,https://www.iGive.com/1800contacts,5.6%,Manual Check Required
1-800-Baskets.com,https://www.iGive.com/1800baskets,2.4%,https://www.1800baskets.com
1-800-FLOWERS.COM,https://www.iGive.com/1-800-flowers,2.0%,https://www.1800flowers.com
1-800-GOT-JUNK?,https://www.iGive.com/1-800-Got-Junk,1.2%,https://www.1800gotjunk.com
1-800-PetMeds,https://www.iGive.com/1-800-petmeds,3.2%,https://www.1800petmeds.com
123-reg,https://www.iGive.com/123-reg,2.0%,https://www.123-reg.co.uk
123inkjets,https://www.iGive.com/123-inkjets,2.0%,https://www.123inkjets.com
180 Nutrition,https://www.iGive.com/180nutrition,2.8%,Manual Check Required
1Password,https://www.iGive.com/1password,Special Rate,https://1password.com
2Modern,https://www.iGive.com/2modern,2.0%,https://www.2modern.com
2nd & Charles,https://www.iGive.com/2ndandcharles,3.2%,https://www.2ndandcharles.com
2XU,https://www.iGive.com/2xu,3.2%,https://2xu.com
4 Wheel Drive,https://www.iGive.com/4-wheel-drive,1.6%,https://www.4wheeldrive.com
5 Star Nutrition,https://www.iGive.com/5starnutrition,4.0%,https://5starnutrition.com
686,https://www.iGive.com/686,3.2%,https://www.686.com
7 For All Mankind,https://www.iGive.com/7-for-all-mankind,1.6%,https://7forallmankind.com
A Pea in the Pod,https://www.iGive.com/apeainthepod,0.8%,https://apeainthepod.com
A Pup Above,https://www.iGive.com/apupabove,2.8%,https://apupabove.com
AAA - Auto Club,https://www.iGive.com/mwg.aaa,4.0%,https://www.mwgaaa.com
ABBYY,https://www.iGive.com/abbyy,12.0%,https://www.abbyy.com
ABCmouse.com,https://www.iGive.com/ABC-mouse,Special Rate,https://www.abcmouse.com
AbeBooks.co.uk,https://www.iGive.com/abebooks-uk,2.0%,Manual Check Required
AbeBooks.com,https://www.iGive.com/abebooks,0.8%,https://www.abebooks.com
Abt Electronics,https://www.iGive.com/abt,0.4%,Manual Check Required
Academy Sports & Outdoors,https://www.iGive.com/academy,0.8%,Manual Check Required
Ace Hardware,https://www.iGive.com/ace,1.6%,https://www.ace.com
Adagio Teas,https://www.iGive.com/adagio,2.0%,https://www.adagio.com
Adam & Eve,https://www.iGive.com/adam-and-eve,2.0%,https://www.adameve.com
AdGem,https://www.iGive.com/adgem,Special Rate,https://adgem.com
Adorama,https://www.iGive.com/adorama,0.8%,Manual Check Required
Adore Me,https://www.iGive.com/adore-me,4.0%,https://www.adoreme.com
Adrianna Papell,https://www.iGive.com/adrianna-papell,1.2%,https://www.adriannapapell.com
Advance Auto Parts,https://www.iGive.com/Advance-Auto-Parts,1.6%,Manual Check Required
Adventure Academy,https://www.iGive.com/adventure-academy,Special Rate,https://www.adventureacademy.com
Aerie,https://www.iGive.com/ae,0.4%,Manual Check Required
Aeroflow Healthcare,https://www.iGive.com/aeroflow,3.2%,https://www.aeroflow.com
Aeropostale,https://www.iGive.com/aeropostale,1.6%,Manual Check Required
AG Jeans Outlet,https://www.iGive.com/AG-Jeans-Outlet,3.2%,https://www.agjeansoutlet.com
Agoda,https://www.iGive.com/agoda,2.4%,https://www.agoda.com
AHAVA,https://www.iGive.com/ahava,1.2%,https://www.ahava.com
Air Filters Delivered,https://www.iGive.com/air-filters-delivered,0.4%,https://www.airfiltersdelivered.com
Airport Parking,https://www.iGive.com/airport-parking,8.0%,https://airportparking.com
Airport Parking Reservations,https://www.iGive.com/airport-parking-reservations,Special Rate,https://airportparkingreservations.com
Airvape,https://www.iGive.com/airvape,6.0%,https://airvapeusa.com
AJ Madison,https://www.iGive.com/ajmadison,1.2%,Manual Check Required
Alala,https://www.iGive.com/alala,2.8%,https://www.alala.com
Alamo Rent a Car,https://www.iGive.com/alamo,1.6%,Manual Check Required
ALDO,https://www.iGive.com/aldo,2.4%,Manual Check Required
Alen Purifies,https://www.iGive.com/alen-corp,0.8%,https://alen.com
Alex and Ani,https://www.iGive.com/alex-and-ani,3.2%,https://www.alexandani.com
Alibaba,https://www.iGive.com/alibaba,1.6%,https://www.alibaba.com
Alibris,https://www.iGive.com/alibris,2.0%,https://www.alibris.com
Alibris UK,https://www.iGive.com/alibris-uk,2.0%,https://www.alibris.com
AliExpress,https://www.iGive.com/aliexpres,0.6%,https://www.aliexpress.com
ALL - Accor Live Limitless,https://www.iGive.com/accor-hotels,0.8%,https://all.accor.com
ALLDATAdiy,https://www.iGive.com/all-data-diy,10.0%,Manual Check Required
Allen Edmonds Men's Shoe Store,https://www.iGive.com/allen-edmonds,1.6%,https://www.allenedmonds.com
AllPosters.com,https://www.iGive.com/allposters,2.0%,https://www.allposters.com
Allsole,https://www.iGive.com/allsole,2.4%,Manual Check Required
Allurez,https://www.iGive.com/allurez,3.2%,https://www.allurez.com
Alpha Omega Publications,https://www.iGive.com/alpha-omega-publications,2.4%,https://aop.com:443
Alphamarts,https://www.iGive.com/alphamarts,2.8%,https://www.alphamarts.com
AlternaScript,https://www.iGive.com/alternascript,Special Rate,https://getoptimind.com
Amanda Lindroth,https://www.iGive.com/amanda-lindroth,4.0%,https://amandalindroth.com
Amanda Wakeley,https://www.iGive.com/amandawakeley,2.4%,https://www.amandawakeley.com
Amazfit,https://www.iGive.com/amazfit,1.6%,https://www.amazfit.com
Amazing Clubs,https://www.iGive.com/amazing-clubs,1.2%,https://www.amazingclubs.com
American Blinds,https://www.iGive.com/american-blinds,0.8%,https://www.american-blinds.com
American Family Safety,https://www.iGive.com/american-family,6.0%,https://www.amfam.com
AMIclubwear,https://www.iGive.com/amiclubwear,2.4%,https://amiclubwear.com
Amore Beds,https://www.iGive.com/amorebeds,0.8%,https://www.amorebeds.com
AMOREPACIFIC,https://www.iGive.com/amore-pacific,1.2%,https://us.amorepacific.com
Amrita Aromatherapy,https://www.iGive.com/amrita,4.0%,https://www.amrita.com
Amscope,https://www.iGive.com/amscope,1.6%,https://amscope.com
Anantara Resorts,https://www.iGive.com/anantara,2.0%,https://www.anantara.com
Ancestry.com,https://www.iGive.com/ancestry,3.2%,https://www.ancestry.com
AnchorFree Hotspot Shield Elite VPN,https://www.iGive.com/AnchorFree-Hotspot-Shield-Elite-VPN,4.0%,Manual Check Required
Anjay's Designs,https://www.iGive.com/anjays-designs,1.6%,https://www.anjaysdesigns.com
Anker,https://www.iGive.com/anker,3.2%,https://www.anker.com
Aquasana,https://www.iGive.com/aquasana,4.0%,https://www.aquasana.com
AreYouGame.com,https://www.iGive.com/are-you-game,2.8%,https://areyougame.com
Arteza,https://www.iGive.com/arteza,2.0%,https://plaidonline.com
ArtistWorks,https://www.iGive.com/artist-works,4.0%,https://artistworks.com:443
Ascend Hotels,https://www.iGive.com/choicehotels,0.8%,Manual Check Required
Ashley Furniture HomeStore,https://www.iGive.com/ashley-furniture,0.4%,Manual Check Required
ASICS,https://www.iGive.com/asics,1.2%,Manual Check Required
Assouline,https://www.iGive.com/assouline,0.4%,https://www.assouline.com
Astound,https://www.iGive.com/residential.wavebroadband,Special Rate,https://www.astound.com
At Your Pace Online,https://www.iGive.com/at-your-pace,6.0%,https://at-your-pace.com
AT&T Internet Service Providers,https://www.iGive.com/att,Special Rate,https://www.att.com
Athleta,https://www.iGive.com/athleta,1.6%,https://athleta.gap.com
Athleta Canada,https://www.iGive.com/athleta-ca,1.6%,https://gcd.com
AutoNation Repair Service,https://www.iGive.com/repairsmith,Special Rate,https://www.autonationmobileservice.com
Avanse Nutraceuticals,https://www.iGive.com/avanse,8.0%,https://www.avanse.com
Aveda,https://www.iGive.com/aveda,0.4%,Manual Check Required
AVG Technologies,https://www.iGive.com/avg,12.0%,https://www.avg.com
Avon,https://www.iGive.com/avon,0.4%,Manual Check Required
Avoya Travel,https://www.iGive.com/avoya,1.2%,https://www.avoyatravel.com
Baby Quasar,https://www.iGive.com/babyquasar,2.0%,https://quasarmd.com
Back in the Saddle,https://www.iGive.com/back-in-the-saddle,2.0%,https://www.backinthesaddle.com
Backcountry.com,https://www.iGive.com/backcountry,1.6%,Manual Check Required
BagAmour Box,https://www.iGive.com/bagamour,6.0%,Manual Check Required
Baggallini,https://www.iGive.com/Baggalini,0.4%,https://www.baggallini.com
Bahia Principe Hotels & Resorts,https://www.iGive.com/bahia-principe,2.0%,https://www.bahia-principe.com
Bake Me a Wish,https://www.iGive.com/bake-me-a-wish,4.0%,https://www.bakemeawish.com
Baked by Melissa,https://www.iGive.com/baked-by-melissa,2.4%,https://www.bakedbymelissa.com
Balance of Nature,https://www.iGive.com/balance-of-nature,1.6%,https://balanceofnature.com
BALI,https://www.iGive.com/bali,0.4%,https://bali.com
Banana Republic,https://www.iGive.com/banana-republic,1.6%,https://bananarepublic.gap.com
Banana Republic Canada,https://www.iGive.com/banana-republic-canada,1.6%,Manual Check Required
Banana Republic Factory,https://www.iGive.com/banana-republic-factory,1.6%,https://bananarepublicfactory.gapfactory.com
Banggood,https://www.iGive.com/banggood,2.4%,https://www.banggood.com
BannerBuzz,https://www.iGive.com/bannerbuzz,4.0%,https://www.bannerbuzz.com
BannerBuzz Canada,https://www.iGive.com/bannerbuz,4.0%,Manual Check Required
Barcelo Hotels & Resorts,https://www.iGive.com/barcelo,2.4%,https://www.barcelo.com
Bare Necessities,https://www.iGive.com/bare-necessities,1.2%,https://www.barenecessities.com
BarkBox,https://www.iGive.com/bark-box,Special Rate,https://bark.co
BaseballMonkey,https://www.iGive.com/baseballmonkey,0.8%,https://www.baseballmonkey.com
Basepaws,https://www.iGive.com/basepaws,4.0%,https://basepaws.com
Bass Pro Shops,https://www.iGive.com/bass-pro-shops,2.4%,Manual Check Required
Bates Footwear,https://www.iGive.com/bates,2.8%,https://www.wolverine.com
Be Live Hotels,https://www.iGive.com/be-live-hotels,1.8%,https://www.belivehotels.com
bealls (formerly Burkes Outlet),https://www.iGive.com/bealls,2.0%,https://www.bealls.com
Beats by Dre,https://www.iGive.com/beats-by-dre,0.8%,https://www.beatsbydre.com
Beauty Encounter,https://www.iGive.com/beauty-encounter,2.4%,https://beautyencounter.com
Beauty Plus Salon,https://www.iGive.com/beauty-plus-salon,2.8%,https://www.beautyplussalon.com
bebe,https://www.iGive.com/bebe,1.2%,https://www.bebe.com
Because Market,https://www.iGive.com/Because-Market,6.0%,https://becausemarket.com
Bed Bath & Beyond,https://www.iGive.com/bedbathandbeyond,0.8%,https://www.bedbathandbeyond.com
Beddingstyle.com,https://www.iGive.com/bedding-style,3.2%,https://www.revman.com
Beer Drop,https://www.iGive.com/beer-drop,2.0%,Manual Check Required
Beldt Labs,https://www.iGive.com/beldt,14.0%,https://www.beldtlabs.com
Belkin,https://www.iGive.com/belkin,2.4%,https://www.belkin.com
BELLA+CANVAS,https://www.iGive.com/bella-canvas,4.0%,https://www.bellacanvas.com
Bellesa Boutique,https://www.iGive.com/bboutiqu,2.0%,https://www.bboutiqu.com
BelleZeke,https://www.iGive.com/belle-zeke,0.8%,Manual Check Required
Belly Sleep,https://www.iGive.com/belly-sleep,2.4%,https://bellysleep.com
Benefit Cosmetics,https://www.iGive.com/benefit-cosmetics,1.6%,https://www.benefit-cosmetics.com
Bergdorf Goodman,https://www.iGive.com/bergdorf-goodman,1.2%,Manual Check Required
Best Bully Sticks,https://www.iGive.com/bestbullysticks,1.2%,https://www.bestbullysticks.com
Best Cigar Prices,https://www.iGive.com/best-cigar-prices,1.6%,https://www.bestcigarprices.com
Best Western,https://www.iGive.com/bestwestern,1.2%,Manual Check Required
BestBuy.com,https://www.iGive.com/best-buy,0.2%,Manual Check Required
Betsey Johnson,https://www.iGive.com/betsey-johnson,1.2%,https://betseyjohnson.com
Better Braces,https://www.iGive.com/betterbraces,1.6%,https://www.donjoystore.com
Beyond Polish,https://www.iGive.com/beyondpolish,0.8%,https://www.beyondpolish.com
BFR Bands Store,https://www.iGive.com/BFR-Bands,4.0%,Manual Check Required
Big Island Coffee Roasters,https://www.iGive.com/Big-Island,0.4%,https://www.big-island.com
Bijoux Indiscrets,https://www.iGive.com/bijoux,4.0%,https://www.bijoux.com
Binxy Baby,https://www.iGive.com/binxy-baby,2.8%,https://binxybaby.com
Bionaire,https://www.iGive.com/bionaire,2.4%,https://www.bionaire.com
Biotherm,https://www.iGive.com/biotherm,2.4%,https://www.biotherm.com
Biotherm Canada,https://www.iGive.com/biother,2.4%,https://www.biother.com
Birthday in a Box,https://www.iGive.com/birthday-in-a-box,1.2%,Manual Check Required
Bissell,https://www.iGive.com/bissell,2.0%,https://www.bissell.com
BizChair,https://www.iGive.com/biz-chair,1.2%,https://www.bizchair.com
Black Halo,https://www.iGive.com/black-halo,3.2%,https://www.blackhalo.com
Blick Art Materials,https://www.iGive.com/blick-art-materials,1.2%,Manual Check Required
Blinds.ca,https://www.iGive.com/blind,0.8%,Manual Check Required
Blinds.com,https://www.iGive.com/blinds,0.8%,Manual Check Required
Blindsaver,https://www.iGive.com/blind-saver,1.2%,Manual Check Required
Bliss,https://www.iGive.com/bliss,1.2%,https://www.lens.com
Bloch Dance,https://www.iGive.com/bloch-dance,2.0%,Manual Check Required
Bloomingdale's,https://www.iGive.com/bloomingdales,0.8%,Manual Check Required
Blue Apron,https://www.iGive.com/blue-apron,6.0%,https://www.blueapron.com
Blue Sky,https://www.iGive.com/blue-sky,1.6%,https://www.bluesky.com
Blue Sky CBD,https://www.iGive.com/blue-sky-cbd,6.0%,Manual Check Required
Blue Sky Vitamin,https://www.iGive.com/blueskyvitamin,1.2%,https://blueskyvitamin.com
Bluebird Botanicals,https://www.iGive.com/bluebird-botanicals,2.4%,https://bluebirdbotanicals.com
Bluenotes,https://www.iGive.com/blnts,2.0%,https://blnts.com
Bluetti,https://www.iGive.com/bluetti,2.0%,https://www.bluetti.com
Bobbi Brown Cosmetics,https://www.iGive.com/bobbi-brown,3.2%,Manual Check Required
BODi (formerly Beachbody),https://www.iGive.com/beach-body,1.6%,https://www.bodi.com
Bodum,https://www.iGive.com/bodum,4.0%,https://www.bodum.com
BodyGuardz,https://www.iGive.com/bodyguardz,1.0%,https://www.bodyguardz.com
Bogs Footwear,https://www.iGive.com/bogs-footwear,2.0%,https://www.bogsfootwear.com
Bombinate,https://www.iGive.com/bombinate,2.8%,Manual Check Required
Bonafide,https://www.iGive.com/bonafide,4.0%,https://wellsky.com
Bonobos,https://www.iGive.com/bonobos,1.2%,Manual Check Required
boohoo,https://www.iGive.com/boohoo,1.2%,Manual Check Required
Book Like a Boss,https://www.iGive.com/book-like-a-boss,14.0%,https://www.blab.co
Booking.com,https://www.iGive.com/booking,1.6%,https://www.booking.com
Booksamillion.com,https://www.iGive.com/books-a-million,1.2%,https://www.booksamillion.com
BoomStreet,https://www.iGive.com/boom-street,6.4%,https://www.atom.com
Boscov's,https://www.iGive.com/boscovs,1.6%,https://www.boscovs.com
Boston College University Book Store,https://www.iGive.com/bkstr,0.4%,Manual Check Required
Boston Proper,https://www.iGive.com/boston-proper,0.4%,https://www.bostonproper.com
Botanic Choice Herbs & Vitamins,https://www.iGive.com/botanic-choice,3.2%,https://www.botanicchoice.com
BoxLunch,https://www.iGive.com/box-lunch,0.4%,https://www.boxlunch.com
Brain Sensei,https://www.iGive.com/brain-sensei,8.0%,https://brainsensei.com
BrainMD Health,https://www.iGive.com/brainmd,6.0%,https://brainmd.com
Bright Local,https://www.iGive.com/brightlocal,6.0%,https://www.brightlocal.com
Brooks Brothers,https://www.iGive.com/brooks-brothers,0.8%,Manual Check Required
Brother Canada,https://www.iGive.com/brothe,1.6%,https://www.brothe.com
Buffalo Jackson,https://www.iGive.com/buffalo-jackson,3.2%,https://buffalojackson.com
BuffaloJeans.com,https://www.iGive.com/buffalo-jeans,1.6%,https://www.buffalojeans.com
Bullstrap,https://www.iGive.com/bullstra,4.0%,https://bullstrap.com
Bumble and Bumble,https://www.iGive.com/bumble-and-bumble,2.4%,Manual Check Required
Burpee Gardening,https://www.iGive.com/burpee,2.0%,Manual Check Required
BuyWake.com,https://www.iGive.com/buywake,3.6%,https://buywake.com
Cabela's,https://www.iGive.com/cabelas,0.4%,Manual Check Required
Caesars Entertainment Atlantic City,https://www.iGive.com/caesars,1.2%,https://www.caesars.com
Cafe Britt Gourmet Coffee,https://www.iGive.com/cafe-britt,3.2%,https://www.cafebritt.com
Caire Beauty,https://www.iGive.com/caire-beauty,4.8%,https://www.cairebeauty.com
Calendars.com,https://www.iGive.com/calendars,4.0%,https://www.calendars.com
Callaway Golf,https://www.iGive.com/callaway-golf,3.6%,https://www.callawaygolf.com
Callaway Golf Pre Owned,https://www.iGive.com/callaway-golf-pre-owned,2.4%,https://www.callawaygolfpreowned.com
Calm by Wellness,https://www.iGive.com/calm-by-wellness,6.0%,https://www.calmbywellness.com
Calvin Klein,https://www.iGive.com/calvin-klein,0.8%,Manual Check Required
Cambria Hotels & Suites,https://www.iGive.com/cambria,0.8%,https://www.cambria.com
Cameron's Seafood,https://www.iGive.com/camerons-seafood,0.8%,https://www.cameronsseafood.com
Cami NYC,https://www.iGive.com/cami-nyc,1.2%,https://www.caminyc.com
Camp Chef,https://www.iGive.com/camp-chef,2.0%,https://www.campchef.com
Camping World,https://www.iGive.com/camping-world,0.8%,https://www.campingworld.com
CAMPMOR,https://www.iGive.com/campmor,1.0%,https://www.campmor.com
Canadian Down & Feather Company,https://www.iGive.com/canadian-down,0.4%,Manual Check Required
Candlewood Suites,https://www.iGive.com/candlewood-suites,1.6%,Manual Check Required
Canon eStore,https://www.iGive.com/canon,1.0%,https://global.canon
Canon Shop Canada,https://www.iGive.com/canon-estore-canada,1.2%,Manual Check Required
Canvas HQ,https://www.iGive.com/canvas-hq,4.0%,Manual Check Required
Canvas On Demand,https://www.iGive.com/canvas-on-demand,3.2%,https://www.canvasondemand.com
Canvas Press,https://www.iGive.com/canvas-press,2.8%,Manual Check Required
Canvaspeople,https://www.iGive.com/canvas-people,3.2%,https://www.canvaspeople.com
CanvasWorld,https://www.iGive.com/canvasworld,4.0%,https://www.canvasworld.com
Capitol Lighting,https://www.iGive.com/1800lighting,1.6%,Manual Check Required
Cardboard Cutout Standees,https://www.iGive.com/cardboard-cutout,1.2%,https://www.cardboardcutoutstandees.com
CardCash,https://www.iGive.com/card-cash,0.8%,https://www.cardcash.com
Carhartt,https://www.iGive.com/carhartt,0.4%,Manual Check Required
Carl's Golfland,https://www.iGive.com/carls-golfland,1.6%,https://www.carlsgolfland.com
Carmel Car & Limo,https://www.iGive.com/carmel-car,3.0%,Manual Check Required
Carmen Sol,https://www.iGive.com/carmen-sol,2.0%,https://carmensol.com
Carol's Daughter,https://www.iGive.com/carols-daughter,3.2%,https://carolsdaughter.com
Carolina,https://www.iGive.com/Carolina,1.6%,https://www.carolina.com
Carter's,https://www.iGive.com/carters,0.8%,Manual Check Required
Casetify,https://www.iGive.com/casetify,2.0%,https://www.casetify.com
Cashmere Boutique,https://www.iGive.com/cashmere-boutique,2.8%,https://www.cashmere-boutique.com
Cat Footwear,https://www.iGive.com/cat-footwear,2.8%,https://www.catfootwear.com
Cats Play,https://www.iGive.com/cats-play,2.4%,https://www.catsplay.com
Caudalie,https://www.iGive.com/caudalie,0.8%,https://www.caudalie.com
Caudalie CA,https://www.iGive.com/ca-en.caudalie,1.6%,https://www.caudalie.com
CBDistillery,https://www.iGive.com/cbdistillery,8.0%,Manual Check Required
Certified Piedmontese,https://www.iGive.com/piedmontese,6.0%,https://www.piedmontese.com
Chacos,https://www.iGive.com/chaco,3.2%,https://www.chacos.com
Chadwicks of Boston,https://www.iGive.com/chadwicks,2.0%,https://www.chadwicks.com
Champion,https://www.iGive.com/champion,3.2%,https://www.champion.com
Chantelle Lingerie,https://www.iGive.com/chantelle,3.2%,https://chantelle.com
Char-Broil,https://www.iGive.com/char-broil,0.4%,https://www.charbroil.com
Charles Tyrwhitt,https://www.iGive.com/charles-tyrwhitt,0.8%,https://www.charlestyrwhitt.com
Charlotte Russe,https://www.iGive.com/charlotterusse,0.8%,https://charlotterusse.com
cheapOair,https://www.iGive.com/cheapoair,Special Rate,Manual Check Required
cheapOair Canada,https://www.iGive.com/cheapoai,Special Rate,Manual Check Required
CheapTickets,https://www.iGive.com/cheap-tickets,0.4%,https://www.cheap-tickets.com
Checks In The Mail,https://www.iGive.com/checks-in-the-mail,6.4%,https://secure.checksinthemail.com
CheckWorks,https://www.iGive.com/check-works,10.0%,https://checkworks.com:443
Cheesecake,https://www.iGive.com/cheesecake,2.0%,https://www.cheesecake.com
Cheryl's,https://www.iGive.com/cheryls,2.4%,https://www.cheryls.com
Chesapeake Bay Crab Cakes & More,https://www.iGive.com/cbcrabcakes,1.6%,https://www.cbcrabcakes.com
Chess Bazaar,https://www.iGive.com/chess-bazaar,2.0%,https://chessbazaar.com
Chewy,https://www.iGive.com/chewy,0.4%,Manual Check Required
Chewy Canada,https://www.iGive.com/https://chewy.co,3.2%,Manual Check Required
Chicago Steak Company,https://www.iGive.com/chicago-steak-company,3.2%,Manual Check Required
Chico's,https://www.iGive.com/chicos,1.6%,https://www.chicos.com
Chippin,https://www.iGive.com/chippin,8.0%,Manual Check Required
Chrome Battery,https://www.iGive.com/chrome-battery,4.0%,https://chromebattery.com
Chupi,https://www.iGive.com/chupi,4.0%,https://www.chupi.com
Circus Circus Reno,https://www.iGive.com/Circus-circus,2.0%,https://www.circuscircus.com
CitizenM,https://www.iGive.com/citizen-m,2.4%,https://www.marriott.com
Clark's Botanicals,https://www.iGive.com/clarks-botanicals,10.8%,https://clarksbotanicals.com
Clarks,https://www.iGive.com/clarks,1.6%,https://www.clarks.com
Clinique Online,https://www.iGive.com/clinique,1.6%,Manual Check Required
COACH,https://www.iGive.com/coach,0.8%,Manual Check Required
CocoaVia,https://www.iGive.com/cocoavia,3.2%,https://www.cocoavia.com
Cocoon by Sealy,https://www.iGive.com/Cocoon-by-Sealy,2.8%,https://www.cocoonbysealy.com
Coffee.org,https://www.iGive.com/coffee,2.4%,https://coffee.org
Cole Haan,https://www.iGive.com/colehaan,0.8%,https://www.colehaan.com
Colorful Images,https://www.iGive.com/colorful-images,1.2%,https://www.colorfulimages.com
Columbia Sportswear,https://www.iGive.com/columbia,2.0%,https://www.columbia.com
Concealment Express,https://www.iGive.com/concealment-express,3.0%,https://www.roundedgear.com
Conn's HomePlus,https://www.iGive.com/conns,1.6%,Manual Check Required
Conrad,https://www.iGive.com/conrad-hotels,0.4%,https://www.conrad.com
Contiki,https://www.iGive.com/contiki,2.0%,https://www.contiki.com
Contorno Belts,https://www.iGive.com/contorno-belts,12.0%,Manual Check Required
Cookies by Design,https://www.iGive.com/cookies-by-design,2.0%,https://www.cookiesbydesign.com
Cooper's Cask Coffee,https://www.iGive.com/coopers-cask-coffee,4.0%,https://www.cooperscoffeeco.com
Corel Software,https://www.iGive.com/corel-software,4.0%,Manual Check Required
Cos Bar,https://www.iGive.com/cos-bar,0.8%,https://cosbar.com
COSMEDIX,https://www.iGive.com/cosmedix,3.2%,https://www.cosmedix.com
Cotopaxi,https://www.iGive.com/cotopaxi,2.4%,https://www.cotopaxi.com
Country Inns & Suites By Radisson,https://www.iGive.com/country-inns,2.4%,Manual Check Required
Country Store Catalog,https://www.iGive.com/countrystorecatalog,2.0%,https://www.countrystorecatalog.com
Covers and All,https://www.iGive.com/covers-and-all,0.4%,https://www.coversandall.com
Cricut,https://www.iGive.com/cricut,1.6%,https://cricut.com
Crocs Canada,https://www.iGive.com/croc,3.2%,Manual Check Required
Crocs.com,https://www.iGive.com/crocs,1.6%,Manual Check Required
Crowne Plaza,https://www.iGive.com/crowne-plaza,1.6%,Manual Check Required
CruiseDirect,https://www.iGive.com/cruise-direct,1.2%,https://www.cruisedirect.com
Crutchfield.com,https://www.iGive.com/crutchfield,2.2%,https://www.crutchfield.com
Crystal Plus,https://www.iGive.com/crystal-plus,3.2%,https://www.crystalplus.com
Cub Cadet,https://www.iGive.com/cub-cadet,1.6%,https://www.cubcadet.com
Cupshe,https://www.iGive.com/cupshe,0.8%,https://www.cupshe.com
Current Catalog,https://www.iGive.com/current-catalog,1.2%,https://www.currentcatalog.com
Cutter & Buck,https://www.iGive.com/cutter-buck,2.0%,https://cutterbuck.com
CVS.com,https://www.iGive.com/cvs,0.8%,https://www.cvs.com
CyberLink,https://www.iGive.com/cyberlink,0.4%,https://www.cyberlink.com
Cylance,https://www.iGive.com/cylance,12.0%,https://arcticwolf.com
D'Artagnan,https://www.iGive.com/dartagnan,0.4%,https://www.dartagnan.com
Daily Sale,https://www.iGive.com/daily-sale,2.0%,https://dailysale.com
Dailygreatness,https://www.iGive.com/dailygreatnes,4.0%,https://www.dailygreatness.com
DailySteals,https://www.iGive.com/daily-steals,1.2%,https://dailysteals.com
Dana Rebecca Designs,https://www.iGive.com/dana-rebecca,0.8%,https://www.danarebeccadesigns.com
Darn Tough,https://www.iGive.com/darn-tough,0.3%,https://darntough.com
Darphin Paris,https://www.iGive.com/darphin,2.4%,Manual Check Required
David's Cookies,https://www.iGive.com/davids-cookies,2.4%,https://davidscookies.com
DAVIDsTEA,https://www.iGive.com/davidstea,0.8%,https://davidstea.com
DC Shoes,https://www.iGive.com/dc-shoes,1.2%,https://www.dcshoes.com
Dearfoams,https://www.iGive.com/dearfoams,0.4%,https://www.dearfoams.com
DeBragga,https://www.iGive.com/debragga,1.2%,https://www.debragga.com
Decadent Minimalist,https://www.iGive.com/decadent-minimalist,4.0%,https://decadentminimalist.com
DeepDiscount.com,https://www.iGive.com/deep-discount,1.6%,Manual Check Required
Dell Home & Home Office,https://www.iGive.com/deals.dell,1.6%,Manual Check Required
Dell Refurbished Computers,https://www.iGive.com/dell-refurbished,2.0%,Manual Check Required
Dell Technologies,https://www.iGive.com/dell,1.6%,Manual Check Required
Demdaco,https://www.iGive.com/demdaco,2.0%,https://www.demdaco.com
Denby Pottery,https://www.iGive.com/denby,1.2%,https://www.denby.com
Derma E,https://www.iGive.com/derma-e,2.0%,https://dermae.com
Dermalogica,https://www.iGive.com/dermalogica,2.0%,https://www.dermalogica.com
Design By Humans,https://www.iGive.com/design-by-humans,1.2%,Manual Check Required
Design Furnishings,https://www.iGive.com/design-furnishings,2.0%,https://www.design-furnishings.com
Design It Yourself Gift Baskets,https://www.iGive.com/design-it-yourself,4.0%,https://www.design-it-yourself.com
Designer Optics,https://www.iGive.com/designer-optics,3.2%,https://designeroptics.com
Designtly.com,https://www.iGive.com/designtly,2.0%,https://designtly.com
DestinationXL,https://www.iGive.com/destination-xl,0.8%,https://www.destination-xl.com
Detox Organics,https://www.iGive.com/detox-organics,4.0%,https://detoxorganics.com
DHgate,https://www.iGive.com/dhgate,0.8%,Manual Check Required
Di Bruno Bros.,https://www.iGive.com/di-bruno-bros,2.0%,Manual Check Required
Diane von Furstenberg,https://www.iGive.com/dvf,2.4%,https://www.dvf.com
Dick's Sporting Goods,https://www.iGive.com/dicks-sporting,0.8%,https://www.dickssportinggoods.com
Diesel US,https://www.iGive.com/diesel,2.0%,https://diesel.com
Diet Direct,https://www.iGive.com/diet-direct,2.4%,https://www.dietdirect.com
Dinnerly,https://www.iGive.com/dinnerly,Special Rate,https://dinnerly.com
DIRECTV,https://www.iGive.com/directv,Special Rate,Manual Check Required
Discount School Supply,https://www.iGive.com/discount-school-supply,0.8%,https://www.discountschoolsupply.com
DiscountContactLenses,https://www.iGive.com/discount-contact-lenses,0.4%,https://www.discountcontacts.com
DiscountFilterStore.com,https://www.iGive.com/discount-filter-store,1.2%,https://www.discountfilterstore.com
DiscountMags.com,https://www.iGive.com/discount-mags,2.0%,https://www.discountmags.com
DiscountMugs,https://www.iGive.com/discount-mugs,1.2%,https://www.discountmugs.com
Disney Movie Club,https://www.iGive.com/disney-movie-club,Special Rate,https://movies.disney.com
Disney Store,https://www.iGive.com/disney-store,0.8%,https://www.disneystore.com
Dollar Tree,https://www.iGive.com/dollartree,1.6%,Manual Check Required
DollarDays,https://www.iGive.com/dollar-days,1.2%,Manual Check Required
Dooney & Bourke,https://www.iGive.com/dooney,2.0%,https://www.dooney.com
Dr. Brandt Skincare,https://www.iGive.com/dr-brandt-skincare,0.8%,https://www.drbrandtskincare.com
Dr. Fuhrman,https://www.iGive.com/dr-fuhrman,4.0%,https://www.drfuhrman.com
Dr. Kellyann,https://www.iGive.com/dr-kellyann,6.0%,https://drkellyann.com
Dr. Scholl's Shoes,https://www.iGive.com/dr-scholls-shoes,4.8%,https://www.drschollsshoes.com
Draper's & Damon's,https://www.iGive.com/drapers,0.4%,Manual Check Required
Driftaway Coffee,https://www.iGive.com/driftaway-coffee,1.6%,https://store.driftaway.coffee
DTLR,https://www.iGive.com/dtlr,1.2%,https://www.dtlr.com
Duradry,https://www.iGive.com/duradry,2.0%,https://duradry.com
Durango Boots,https://www.iGive.com/durango-boots,4.0%,https://durangoboots.com
Dusit Hotels & Resorts + ASAI Hotels,https://www.iGive.com/dusit,1.6%,https://www.dusit.com
DX,https://www.iGive.com/dx,2.0%,https://mediaoptions.com
Dylan's Candy Bar,https://www.iGive.com/dylans-candy-bar,2.4%,https://www.dylanscandybar.com
e.l.f. (Eyes Lips Face),https://www.iGive.com/elf,2.8%,https://elf.com
Eagle Creek,https://www.iGive.com/eaglecreek,4.8%,https://eaglecreek.com
Eastern Mountain Sports,https://www.iGive.com/eastern-mountain-sports,2.0%,https://www.ems.com
Easy Spirit,https://www.iGive.com/easy-spirit,0.8%,https://easyspirit.com
EasyGarage,https://www.iGive.com/easygarage,0.8%,Manual Check Required
Eatwith,https://www.iGive.com/eatwith,2.0%,https://www.eatwith.com
eCampus,https://www.iGive.com/ecampus,2.0%,https://www.ecampus.com
Ecosa,https://www.iGive.com/ecosa,0.8%,https://www.ecosa.com
Ecowise Wellnes,https://www.iGive.com/ecowisevitamins,10.0%,https://ecowisevitamins.com
Eddie Bauer,https://www.iGive.com/Eddie-Bauer,1.6%,https://www.eddiebauer.com
Edureka,https://www.iGive.com/edurek,6.0%,https://www.edurek.com
edX,https://www.iGive.com/edX,3.2%,https://www.edx.com
Effy Jewelry,https://www.iGive.com/effyjewelry,1.2%,https://www.effyjewelry.com
Ego Home,https://www.iGive.com/egohome,4.0%,https://egohome.com
eharmony,https://www.iGive.com/eharmony,16.0%,https://www.eharmony.com
Eileen Fisher,https://www.iGive.com/eileen-fisher,1.6%,Manual Check Required
ejuice.deals,https://www.iGive.com/ejuice,2.0%,https://www.ejuice.com
Ekrin Athletics,https://www.iGive.com/Ekrin,4.0%,https://www.ekrin.com
Electrical Wholesalers,https://www.iGive.com/electrical-wholesalers,1.6%,https://www.electricalwholesalers.com
ELEMIS,https://www.iGive.com/elemis,1.6%,https://elemis.com
Elixinol,https://www.iGive.com/elixinol,1.2%,https://elixinol.com
Elizabeth Arden,https://www.iGive.com/elizabetharden,2.8%,https://www.elizabetharden.com
ELOQUII,https://www.iGive.com/eloquii,1.6%,Manual Check Required
eManual Online,https://www.iGive.com/emanual,6.0%,https://emanual.com
Embark Vet,https://www.iGive.com/embark,4.0%,https://www.embark.com
Embassy Suites,https://www.iGive.com/embassy-suites,0.4%,Manual Check Required
Emedco,https://www.iGive.com/emedco,4.0%,https://www.emedco.com
Emjay,https://www.iGive.com/emjay,2.4%,Manual Check Required
EnergyFirst,https://www.iGive.com/energyfirst,0.4%,https://www.energyfirst.com
Enjoy Flowers,https://www.iGive.com/enjoy-flowers,Special Rate,https://enjoyflowers.com
Enterprise Rent-A-Car,https://www.iGive.com/enterprise,0.8%,Manual Check Required
Entertainment Books,https://www.iGive.com/entertainment,11.2%,https://www.entertainment.com
Entertainment Earth,https://www.iGive.com/entertainment-earth,2.0%,https://www.entertainmentearth.com
Entirely Pets,https://www.iGive.com/entirely-pets,2.4%,https://www.entirelypets.com
Epson,https://www.iGive.com/epson,0.8%,https://epson.com
ePumps,https://www.iGive.com/epumps,1.2%,https://www.epumps.com
Equestrian Collections,https://www.iGive.com/equestrian-collections,2.8%,https://www.equestriancollections.com
Erno Laszlo,https://www.iGive.com/erno-laszlo,3.2%,https://ernolaszlo.com
ESET,https://www.iGive.com/store.eset,8.0%,https://www.eset.com
eSmartTax,https://www.iGive.com/esmart-tax,2.0%,Manual Check Required
EssayEdge,https://www.iGive.com/essay-edge,2.0%,https://www.essayedge.com
Estee Lauder,https://www.iGive.com/estee-lauder,1.6%,Manual Check Required
Esurance,https://www.iGive.com/esurance,Special Rate,Manual Check Required
Ethel M Chocolate,https://www.iGive.com/ethel-m,1.2%,Manual Check Required
Ettika,https://www.iGive.com/ettika,2.4%,https://www.ettika.com
Ettitude,https://www.iGive.com/ettitude,1.6%,https://www.ettitude.com
Eufy,https://www.iGive.com/eufy,2.8%,https://www.eufy.com
Europcar,https://www.iGive.com/europcar,2.8%,https://www.europcar.com
Even Hotels,https://www.iGive.com/even-hotels,1.6%,Manual Check Required
EveryPlate,https://www.iGive.com/everyplate,Special Rate,https://www.everyplate.com
Expedia.ca,https://www.iGive.com/expedi,0.8%,https://www.expediaca.com
Expedia.com,https://www.iGive.com/expedia,0.8%,Manual Check Required
Extended Stay America,https://www.iGive.com/extended-stay,1.2%,Manual Check Required
Eyeconic,https://www.iGive.com/eyeconic,1.2%,https://www.eyeconic.com
Eyeglasses.com,https://www.iGive.com/eyeglasses,2.4%,https://www.eyeglasses.com
EZ Lifestyle,https://www.iGive.com/ez-lifestyle,12.0%,https://www.ezlifestyle.com
Fabletics,https://www.iGive.com/fabletics,Special Rate,https://www.fabletics.com
Fairmont Hotels & Resorts,https://www.iGive.com/fairmont,2.0%,https://www.fairmont.com
Fairway Golf,https://www.iGive.com/fairway-golf,2.4%,https://fairwaygolfusa.shop
Famous Footwear,https://www.iGive.com/famous-footwear,0.4%,https://www.famousfootwear.com
Fanatics,https://www.iGive.com/fanatics,0.8%,Manual Check Required
Fancy Sprinkles,https://www.iGive.com/fancysprinkles,2.0%,https://www.fancysprinkles.com
Fare Buzz,https://www.iGive.com/fare-buzz,Special Rate,Manual Check Required
FARFETCH,https://www.iGive.com/farfetch,1.6%,Manual Check Required
Farmhouse Fresh,https://www.iGive.com/farmhouse-fresh,4.0%,https://www.farmhousefresh.com
Fathead,https://www.iGive.com/Fathead,1.2%,https://fathead.com
Faux Wood Beams,https://www.iGive.com/faux-wood-beams,1.2%,https://www.barrondesigns.com
FauxPanels,https://www.iGive.com/fauxpanels,1.2%,https://www.barrondesigns.com
FaxitFast,https://www.iGive.com/fax-it-fast,Special Rate,https://www.faxitfast.com
Faxon,https://www.iGive.com/faxon,2.8%,Manual Check Required
FedEx Office,https://www.iGive.com/Fedex-office,1.2%,Manual Check Required
Felt Paper Scissors,https://www.iGive.com/felt-paper-scissors,2.0%,https://feltpaperscissors.com
Fiber Cables Direct,https://www.iGive.com/fcd,2.4%,https://www.atom.com
Fidelity Denim,https://www.iGive.com/fidelity-denim,4.0%,https://fidelitydenim.com
FiltersFast,https://www.iGive.com/filters-fast,0.4%,https://www.filtersfast.com
Findmypast,https://www.iGive.com/find-my-past,4.0%,https://www.findmypast.com
FineJewelers,https://www.iGive.com/finejewelers,2.0%,Manual Check Required
FineStationery,https://www.iGive.com/fine-stationery,1.2%,https://www.finestationery.com
Finish Line,https://www.iGive.com/finish-line,2.0%,https://www.finish-line.com
Finish Line - Student Exclusive,https://www.iGive.com/studentbeans,Special Rate,https://www.studentbeans.com
Fishwest,https://www.iGive.com/fishwest,3.2%,https://fishwest.com
FitFlop,https://www.iGive.com/fit-flop,4.0%,https://www.fitflop.com
Fiverr,https://www.iGive.com/fiverr,Special Rate,Manual Check Required
Fleet Feet,https://www.iGive.com/fleet-feet,0.4%,https://www.fleetfeet.com
Florsheim,https://www.iGive.com/florsheim,0.8%,https://www.florsheim.com
Florsheim Canada,https://www.iGive.com/florsheim-canada,2.0%,Manual Check Required
Flower Shopping,https://www.iGive.com/flower-shopping,0.4%,https://www.flowershopping.com
Flowers Fast,https://www.iGive.com/flowers-fast,8.0%,Manual Check Required
Fluz,https://www.iGive.com/fluz,Special Rate,Manual Check Required
Flyby,https://www.iGive.com/flyb,4.0%,https://www.atom.com
Flying Noodle,https://www.iGive.com/flying-noodle,1.2%,https://www.flyingnoodle.com
Food Lion,https://www.iGive.com/food-lion,Special Rate,https://www.food-lion.com
Footlocker.com,https://www.iGive.com/footlocker,1.6%,https://www.footlockercom.com
Forbes & Lewis,https://www.iGive.com/forbes-lewis,4.0%,https://www.forbes-lewis.com
FOREO,https://www.iGive.com/foreo,1.4%,https://www.foreo.com
Fotolia,https://www.iGive.com/fotolia,Special Rate,https://stock.adobe.com
FragranceNet,https://www.iGive.com/fragrance,0.4%,https://www.fragrancenet.com
FragranceX,https://www.iGive.com/Fragrance-X,2.0%,https://www.fragrancex.com
Framebridge,https://www.iGive.com/framebridge,1.6%,https://www.framebridge.com
FramesDirect.com,https://www.iGive.com/frames-direct,0.8%,https://www.frames-direct.com
francesca's,https://www.iGive.com/francescas,1.6%,https://francescas.com
Franco Sarto,https://www.iGive.com/franco-sarto,1.2%,Manual Check Required
FranklinPlanner,https://www.iGive.com/franklinplanner,2.4%,https://store.franklinplanner.com
Fred Meyer Jewelers,https://www.iGive.com/fred-meyer-jewelers,6.0%,Manual Check Required
Free Logo Services,https://www.iGive.com/free-logo-services,6.0%,https://www.freelogoservices.com
French Connection,https://www.iGive.com/french-connection,2.0%,https://www.frenchconnection.com
French Toast,https://www.iGive.com/french-toast,2.0%,https://www.frenchtoast.com
From You Flowers,https://www.iGive.com/from-you-flowers,6.0%,https://www.fromyouflowers.com
Fruit Bouquets by 1800Flowers.com,https://www.iGive.com/fruit-bouquets,2.4%,https://www.fruitbouquets.com
FTD,https://www.iGive.com/ftd,2.0%,https://www.ftd.com
FUL,https://www.iGive.com/ful,0.4%,https://ful.com
Furbo Dog Camera,https://www.iGive.com/furbo,4.0%,https://furbo.com
Fuse Lenses,https://www.iGive.com/fuse-lenses,1.2%,https://fuselenses.com
Fyt,https://www.iGive.com/find-your-trainer,Special Rate,https://findyourtrainer.com:443
Gaby's Bags,https://www.iGive.com/gabys-bags,2.0%,https://gabysbags.com
Gaffos,https://www.iGive.com/gaffos,2.0%,https://gaffos.com
Gainful,https://www.iGive.com/gainful,2.4%,https://www.gainful.com
Gallery Direct,https://www.iGive.com/gallery-direct,2.0%,https://www.gallerydirect.com
GameFly,https://www.iGive.com/game-fly,2.0%,https://www.gamefly.com
GamersGate.com,https://www.iGive.com/gamers-gate,2.0%,https://www.gamersgate.com
Gap Canada,https://www.iGive.com/Gap-Canada,1.6%,https://www.gapcanada.ca
Gap Factory,https://www.iGive.com/gap-factory,1.6%,https://www.gapfactory.com
Gap.com,https://www.iGive.com/gap,1.6%,https://www.gap.com
Gardyn,https://www.iGive.com/gardyn,1.6%,https://www.gardyn.com
GDF Studio,https://www.iGive.com/gdf-studio,2.0%,https://gdfstudio.com
Geekbuying,https://www.iGive.com/geekbuying,2.4%,https://www.geekbuying.com
GelPro,https://www.iGive.com/gelpro,2.0%,https://www.gelpro.com
Gem-Water,https://www.iGive.com/gem-water,4.0%,https://www.gemwater.com
Genuine Factory Parts,https://www.iGive.com/mtd-parts,1.6%,https://www.genuinefactoryparts.com
Georgia Boot,https://www.iGive.com/georgia-boot,4.0%,https://georgiaboot.com
German Food Box,https://www.iGive.com/german-food-box,Special Rate,https://germanfoodbox.com
German Slippers,https://www.iGive.com/german-slippers,4.0%,https://www.germanslippers.com
GetSmarter,https://www.iGive.com/get-smarter,1.6%,https://www.getsmarter.com
Getz's,https://www.iGive.com/getzs,3.2%,https://getzs.com
Giant Food,https://www.iGive.com/giantfood,Special Rate,Manual Check Required
GiftCards,https://www.iGive.com/gift-cards,0.4%,https://www.giftcards.com
GiftsForYouNow,https://www.iGive.com/gifts-for-you-now,5.2%,https://www.giftsforyounow.com
Gigi New York,https://www.iGive.com/gigi-ny,3.6%,https://www.giginewyork.com
Gilt,https://www.iGive.com/gilt,1.2%,Manual Check Required
Gilt City,https://www.iGive.com/gilt-city,1.2%,Manual Check Required
GlassesShop,https://www.iGive.com/GlassesShop,4.8%,https://www.glassesshop.com
GlassesUSA,https://www.iGive.com/glasses-usa,1.0%,https://www.glassesusa.com
GlobeIn,https://www.iGive.com/globein,8.0%,https://globein.com:443
Glow Recipe,https://www.iGive.com/glow-recipe,2.8%,https://www.glowrecipe.com
GNC,https://www.iGive.com/gnc,0.4%,https://www.gnc.com
Go City,https://www.iGive.com/gocity,1.2%,https://gocity.com
Go Daddy,https://www.iGive.com/go-daddy,2.0%,Manual Check Required
Goal Zero,https://www.iGive.com/goal-zero,2.0%,https://goalzero.com
GoalieMonkey,https://www.iGive.com/goaliemonkey,0.8%,https://www.goaliemonkey.com
Godiva Chocolatier,https://www.iGive.com/godiva,0.4%,https://www.godiva.com
Gold Medal Wine Club,https://www.iGive.com/gold-medal-wine-club,4.0%,https://goldmedalwineclub.com
Good Sam Roadside Assistance,https://www.iGive.com/good-sam-roadside,0.8%,https://roadside.goodsam.com
Good Vibrations,https://www.iGive.com/good-vibrations,4.0%,https://www.goodvibes.com
Goop,https://www.iGive.com/goop,1.6%,https://goop.com
GoSkills,https://www.iGive.com/goskills,4.0%,https://www.goskills.com
GotPrint,https://www.iGive.com/gotprint,Special Rate,https://www.gotprint.com
Gourmesso,https://www.iGive.com/gourmesso,4.0%,https://www.gourmesso.com
GourmetGiftBaskets.com,https://www.iGive.com/gourmet-gift-baskets,2.0%,https://www.gourmetgiftbaskets.com
GPC Smart,https://www.iGive.com/gpc,4.0%,https://www.georgiapower.com
Grailed,https://www.iGive.com/grailed,0.4%,https://www.grailed.com
Grande Cosmetics,https://www.iGive.com/grande-cosmetics,2.0%,https://grandecosmetics.com
Grassland Beef,https://www.iGive.com/grassland-beef,1.2%,https://grasslandbeef.com
GreaterGood Stores,https://www.iGive.com/greatergood,0.8%,https://greatergood.com
Green Chef,https://www.iGive.com/chef.greenchef,Special Rate,https://www.greenchef.com
Green Man Gaming,https://www.iGive.com/green-man-gaming,0.8%,https://www.greenmangaming.com
GreenPan,https://www.iGive.com/greenpa,1.2%,https://www.greenpa.com
Groundlink,https://www.iGive.com/groundlink,0.4%,Manual Check Required
Groupon,https://www.iGive.com/groupon,0.4%,https://www.groupon.com
Grove Collaborative,https://www.iGive.com/grov,2.0%,https://www.grove.co
Grow Gorgeous,https://www.iGive.com/grow-gorgeous,2.4%,https://www.dermstore.com
Gthic.com,https://www.iGive.com/gthic,4.8%,https://gthic.com
GUESS.com,https://www.iGive.com/shop.guess,1.6%,https://www.guess.com
Guild Wars 2,https://www.iGive.com/buy.guildwars2,4.0%,Manual Check Required
H&R Block,https://www.iGive.com/hr-block,0.4%,Manual Check Required
H10 Hotels,https://www.iGive.com/H10 Hotels,1.6%,https://www.h10hotels.com
Haggar,https://www.iGive.com/haggar,2.0%,https://www.haggar.com
Hallelujah Diet,https://www.iGive.com/hallelujah-diet,6.0%,https://myhdiet.com
Hamilton Beach,https://www.iGive.com/hamilton-beach,2.4%,https://hamiltonbeach.com
Hampden Clothing,https://www.iGive.com/hampden,2.4%,https://www.hampden.com
Handy,https://www.iGive.com/handy,Special Rate,https://www.handy.com
Hanes,https://www.iGive.com/hanes,0.4%,Manual Check Required
Hansen Surfboards,https://www.iGive.com/hansen-surfboards,2.4%,Manual Check Required
Happsy,https://www.iGive.com/happsy,3.2%,https://happsy.com
Harry & David,https://www.iGive.com/harryanddavid,0.8%,https://www.harryanddavid.com
Harry's,https://www.iGive.com/harrys,0.4%,https://www.harrys.com
Hartmann,https://www.iGive.com/hartmann,2.0%,https://shop.hartmann.com
Harvey Nichols,https://www.iGive.com/harvey-nichols,0.8%,https://www.harveynichols.com
Hatley,https://www.iGive.com/hatley,1.6%,https://hatley.com
Hawaii Coffee Company,https://www.iGive.com/hawaii-coffee,4.0%,https://hawaiicoffee.com
HBX,https://www.iGive.com/hbx,1.2%,https://hbx.com
HDIS,https://www.iGive.com/hdis,4.0%,Manual Check Required
"Health, Fitness and Longevity",https://www.iGive.com/4hfl,6.0%,Manual Check Required
Health-Ade,https://www.iGive.com/health-ade,2.0%,https://health-ade.com
Health-o-Meter,https://www.iGive.com/health o meter,3.2%,https://www.healthometer.com
Health-o-Meter Nuyu,https://www.iGive.com/health o meter-nuyu,3.2%,Manual Check Required
HealthyBaby,https://www.iGive.com/healthybaby,1.6%,https://healthybaby.com
HearthSong,https://www.iGive.com/hearth-song,2.0%,https://www.hearthsong.com
Heartland Veterinary Supply,https://www.iGive.com/heartland-vet-supply,2.4%,Manual Check Required
Heist,https://www.iGive.com/heist,2.8%,https://heist.com:443
HelloMolly,https://www.iGive.com/hello-molly,1.2%,https://www.hellomolly.com
Helmm,https://www.iGive.com/helmm,4.0%,https://www.helmm.com
Hemp Bombs,https://www.iGive.com/hemp-bombs,4.0%,Manual Check Required
Henry's,https://www.iGive.com/henrys,0.4%,https://www.henrys.com
HerRoom,https://www.iGive.com/herroom,1.6%,Manual Check Required
Herschel Supply Company,https://www.iGive.com/herschel,1.6%,https://herschel.com
Hertz,https://www.iGive.com/hertz,1.2%,https://www.hertz.com
Heshi,https://www.iGive.com/heshi,6.4%,Manual Check Required
Hickory Farms,https://www.iGive.com/hickory-farms,2.0%,https://www.hickoryfarms.com
Hidden 24,https://www.iGive.com/hidden24,Special Rate,https://www.hidden24.com
Highlights For Children,https://www.iGive.com/highlights-catalog,1.6%,Manual Check Required
Hipstik Legwear,https://www.iGive.com/hipstik,4.4%,https://hipstiks.com
HisRoom,https://www.iGive.com/his-room,1.6%,https://www.his-room.com
HobbyTron,https://www.iGive.com/hobbytron,4.8%,https://hobbytron.com
HockeyMonkey,https://www.iGive.com/hockeymonkey,0.8%,https://www.hockeymonkey.com
Holabird Sports,https://www.iGive.com/holabird-sports,2.0%,https://www.holabirdsports.com
Holiday Inn,https://www.iGive.com/holiday-inn,1.6%,Manual Check Required
Holiday Inn Express,https://www.iGive.com/hiexpress,1.6%,Manual Check Required
Holmes,https://www.iGive.com/Holmes,2.4%,Manual Check Required
Home Chef,https://www.iGive.com/homechef,Special Rate,https://www.homechef.com
Home Depot,https://www.iGive.com/homedepot,0.4%,Manual Check Required
Homesick Candles,https://www.iGive.com/homesick,2.4%,https://homesick.com
Horizon Fitness,https://www.iGive.com/horizon-fitness,2.0%,https://www.horizonfitness.com
Horse.com,https://www.iGive.com/horse,1.6%,https://www.horse.com
HorseLoverZ,https://www.iGive.com/HorseLoverZ,2.8%,https://www.horseloverz.com
HostPapa,https://www.iGive.com/hostpapa,6.0%,https://www.hostpapa.com
Hot Shot's Secret,https://www.iGive.com/hot-shots-secret,3.2%,https://www.hotshotsecret.com
Hot Topic,https://www.iGive.com/hot-topic,0.4%,https://www.hottopic.com
Hotel Indigo,https://www.iGive.com/hotel-indigo,1.6%,Manual Check Required
Hotelogical,https://www.iGive.com/awin.hotelogical,1.2%,https://www.hotelogical.com
Hotelopia,https://www.iGive.com/hotelopia,2.0%,Manual Check Required
Hotels.com,https://www.iGive.com/Hotels,0.8%,Manual Check Required
Hover,https://www.iGive.com/hover,10.0%,https://www.hover.com
HQhair,https://www.iGive.com/hqhair,2.0%,https://www.lookfantastic.com
HRdirect,https://www.iGive.com/hrdirect,6.0%,Manual Check Required
HSN,https://www.iGive.com/hsn,3.2%,Manual Check Required
Hue,https://www.iGive.com/hue,0.4%,https://hue.com
Hydrow,https://www.iGive.com/hydrow,1.2%,https://hydrow.com
I Saw It First,https://www.iGive.com/isawitfirst,0.4%,Manual Check Required
i-Blason,https://www.iGive.com/i-blason,3.2%,https://www.i-blason.com
IBEROSTAR USA,https://www.iGive.com/iberostar,2.8%,Manual Check Required
IBSformula,https://www.iGive.com/ibs-formula,6.0%,https://www.supernaturalshealth.com
iCheapFlight,https://www.iGive.com/icheap-flight,Special Rate,Manual Check Required
IDENTILOCK,https://www.iGive.com/getidentilock,4.0%,https://getidentilock.com
iHerb,https://www.iGive.com/iherb,2.0%,Manual Check Required
IHG Hotels & Resorts,https://www.iGive.com/ihg,1.6%,Manual Check Required
Illy Cafe,https://www.iGive.com/illy,1.6%,Manual Check Required
ILoveDooney,https://www.iGive.com/i-love-dooney,1.6%,https://www.ilovedooney.com
Impromptu Gourmet,https://www.iGive.com/impromptu-gourmet,1.6%,Manual Check Required
InkCartridges,https://www.iGive.com/ink-cartridges,6.4%,https://www.inkcartridges.com
Inkopious,https://www.iGive.com/inkopious,4.0%,https://inkopious.com
Insight Vacations,https://www.iGive.com/insight-vacations,2.0%,https://www.insightvacations.com
Instacart,https://www.iGive.com/instacart,Special Rate,https://www.instacart.com
Intechra Health,https://www.iGive.com/intechra-health,8.0%,https://intechrahealth.com
Intego Mac Software,https://www.iGive.com/intego,20.0%,https://www.intego.com
International Wine of the Month Club,https://www.iGive.com/International-Wine-of-the-Month-Club,Special Rate,Manual Check Required
Intimina,https://www.iGive.com/intimina,4.0%,https://www.intimina.com
Investintech,https://www.iGive.com/investintech,12.0%,https://www.investintech.com
Invigorated Water,https://www.iGive.com/invigorated-water,6.0%,https://invigoratedwater.com
iolo technologies,https://www.iGive.com/iolo,24.0%,https://www.iolo.com
iRobot,https://www.iGive.com/irobot,0.8%,https://www.irobot.com
ISA Professional,https://www.iGive.com/isa-professional,4.0%,https://www.isa-professional.com
Isle Casino Hotel Waterloo,https://www.iGive.com/isle-waterloo,2.0%,Manual Check Required
Isotonix,https://www.iGive.com/isotonix,2.0%,Manual Check Required
IWED Global,https://www.iGive.com/iwed,Special Rate,https://www.iwed.com
IWOOT,https://www.iGive.com/iwantoneofthose,0.4%,https://iwantoneofthose.com
J&P Cycles,https://www.iGive.com/jp-cycles,0.8%,https://www.jpcycles.com
J. Crew Factory,https://www.iGive.com/factory.jcrew,1.2%,Manual Check Required
Jachs NY,https://www.iGive.com/jachs-ny,2.4%,https://www.jachsny.com
Jack Rogers,https://www.iGive.com/jackrogers,2.0%,Manual Check Required
JacksonGalaxy.com,https://www.iGive.com/jackson-galaxy,3.2%,https://www.jacksongalaxy.com
jAlbum,https://www.iGive.com/jalbum,4.0%,Manual Check Required
JanSport,https://www.iGive.com/jansport,0.8%,https://www.jansport.com
Jayson Home,https://www.iGive.com/jayson-home,2.4%,https://www.jaysonhome.com
JCPenney,https://www.iGive.com/jcpenney,1.2%,https://www.jcpenney.com
JCWhitney,https://www.iGive.com/JC-Whitney,0.4%,https://www.jcwhitney.com
JellyBuddy,https://www.iGive.com/jelly-buddy,0.8%,Manual Check Required
JerkFit,https://www.iGive.com/jerkfit,2.0%,https://jerkfit.com
Jetson,https://www.iGive.com/jetson,2.0%,https://jetson.com
Jewlr,https://www.iGive.com/jewlr,0.8%,https://www.jewlr.com
JINsoon,https://www.iGive.com/jinsoon,1.6%,https://jinsoon.com
Jo Malone London,https://www.iGive.com/jo-malone,2.4%,https://www.jo-malone.com
Job Ready Programmer,https://www.iGive.com/job-ready,4.0%,https://www.job-ready.com
JOE'S,https://www.iGive.com/joesjeans,2.0%,https://www.joesjeans.com
Joe's New Balance Outlet,https://www.iGive.com/joes-new-balance-outlet,0.8%,Manual Check Required
John Hardy Jewelry,https://www.iGive.com/john-hardy-jewelry,1.2%,Manual Check Required
Johnston & Murphy,https://www.iGive.com/johnston-murphy,2.8%,https://www.johnstonmurphy.com
JosABank.com,https://www.iGive.com/jos-a-bank,1.2%,Manual Check Required
Journeys,https://www.iGive.com/journeys,2.4%,https://www.journeys.com
JTV Jewelry Television,https://www.iGive.com/jewelrytelevision,0.4%,https://www.jtv.com
JUARA Skincare,https://www.iGive.com/juara,4.0%,https://www.juaraskincare.com
Jumpsport,https://www.iGive.com/jumpsport,0.8%,https://www.jumpsport.com
JunoActive,https://www.iGive.com/junoactive,1.2%,https://junoactive.com
Just Blinds,https://www.iGive.com/just-blinds,0.8%,Manual Check Required
Just CBD,https://www.iGive.com/justcbd,7.2%,https://www.justcbd.com
JustAnswer,https://www.iGive.com/just-answer,Special Rate,Manual Check Required
Justice,https://www.iGive.com/justice,2.0%,https://www.findlaw.com
Kaplan MD,https://www.iGive.com/kaplan-md,4.0%,https://www.kaplanmd.com
Kaplan Test Prep,https://www.iGive.com/kaplan,1.2%,Manual Check Required
Karl's Bait and Tackle,https://www.iGive.com/karls,Special Rate,https://karls.de
Karmaloop,https://www.iGive.com/karmaloop,2.4%,https://www.karmaloop.com
Karuna,https://www.iGive.com/karuna,4.0%,Manual Check Required
Kat Von D Beauty,https://www.iGive.com/kat-von-d-beauty,2.4%,Manual Check Required
Kay Jewelers,https://www.iGive.com/kay,0.8%,Manual Check Required
Keds,https://www.iGive.com/keds,3.2%,https://www.keds.com
Keeper Security,https://www.iGive.com/keeper-security,4.0%,https://www.keepersecurity.com
Kenneth Cole,https://www.iGive.com/kenneth-cole,6.8%,https://www.kennethcole.com
Kerastase,https://www.iGive.com/kerastase-usa,2.4%,Manual Check Required
Kerastase Canada,https://www.iGive.com/kerastas,2.4%,Manual Check Required
Keto Cycle,https://www.iGive.com/keto-cycle,Special Rate,Manual Check Required
Keurig,https://www.iGive.com/keurig,1.6%,Manual Check Required
kidpik,https://www.iGive.com/kidpik,4.0%,https://www.kidpik.com
Kids Foot Locker,https://www.iGive.com/kids-foot-locker,1.6%,Manual Check Required
KidsShoes by plae,https://www.iGive.com/kidsshoes,0.4%,https://www.kidsshoes.com
Kiehl's,https://www.iGive.com/kiehls,3.2%,Manual Check Required
Kindred Bravely,https://www.iGive.com/kindred-bravely,0.4%,https://www.kindredbravely.com
Kingsbottle,https://www.iGive.com/kingsbottle,2.0%,https://kingsbottle.com
KitchenAid Major Appliances,https://www.iGive.com/kitchenaid,0.8%,Manual Check Required
KiwiCo,https://www.iGive.com/Kiwi-Crate,4.0%,https://www.kiwico.com:443
Kiyonna Clothing,https://www.iGive.com/kiyonna,3.2%,https://www.kiyonna.com
Knights Inn,https://www.iGive.com/knights-inn,1.2%,https://www.knightsinn.com
Knose,https://www.iGive.com/knose,4.0%,https://www.knose.com
Kohl's,https://www.iGive.com/kohls,1.2%,Manual Check Required
Koi Footwear,https://www.iGive.com/koi-footwear,0.4%,https://www.koifootwear.com
Kole Imports,https://www.iGive.com/kole-imports,1.2%,https://www.koleimports.com
Kooding,https://www.iGive.com/kooding,2.8%,Manual Check Required
Kora,https://www.iGive.com/kora,2.4%,https://kora.com
Korres,https://www.iGive.com/korres,2.0%,https://www.korres.com
Kremp Florist,https://www.iGive.com/kremp,1.4%,https://www.kremp.com
Kuhl,https://www.iGive.com/kuhl,2.4%,https://www.kuhl.com
Kut from the Kloth,https://www.iGive.com/kut,3.2%,https://www.kut.com
Kwiat,https://www.iGive.com/kwiat,2.0%,https://kwiat.com
L'Occitane,https://www.iGive.com/loccitane,1.0%,https://www.loccitane.com
L.L. Bean,https://www.iGive.com/ll-bean,1.2%,https://www.llbean.com
La Roche Posay,https://www.iGive.com/la-roche-posay,3.2%,https://www.larocheposay.com
La Senza,https://www.iGive.com/la-senza,2.8%,https://www.lasenza.com
Lab Series,https://www.iGive.com/lab-series,3.2%,https://www.labseries.com
Lacrosse Monkey,https://www.iGive.com/lacrosse-monkey,0.8%,https://www.lacrossemonkey.com
Lancer,https://www.iGive.com/lancer,0.8%,https://www.atom.com
Lands' End,https://www.iGive.com/landsend,1.6%,Manual Check Required
Lands' End Outfitters,https://www.iGive.com/business.landsend,3.2%,Manual Check Required
LaneBryant.com,https://www.iGive.com/lane-bryant,0.8%,https://www.lanebryant.com
Lattelier Store,https://www.iGive.com/lattelier,4.0%,https://www.lattelier.com
Lauren Moshi,https://www.iGive.com/lauren-moshi,1.2%,https://www.laurenmoshi.com
Layla,https://www.iGive.com/layla,2.0%,Manual Check Required
LazyOne,https://www.iGive.com/lazyone,3.2%,https://lazyone.com
Le Creuset,https://www.iGive.com/le-creuset,1.6%,https://www.lecreuset.com
Lebua Hotels & Resorts,https://www.iGive.com/lebua,2.0%,Manual Check Required
LED Equipped,https://www.iGive.com/led-equipped,2.8%,https://www.ledequipped.com
LegalZoom,https://www.iGive.com/legalzoom,2.0%,https://www.legalzoom.com
Legion Athletics,https://www.iGive.com/legion,2.4%,https://legionathletics.com
LELO,https://www.iGive.com/lelo,0.4%,https://www.lelo.com
Lenovo (Canada),https://www.iGive.com/lenovo-CA,1.2%,Manual Check Required
Lenovo US,https://www.iGive.com/lenovo,0.8%,https://www.lenovo.com
Lensabl,https://www.iGive.com/lensabl,4.0%,https://www.lensabl.com
LensPure,https://www.iGive.com/lens-pure,3.2%,https://www.lenspure.com
Leonisa,https://www.iGive.com/leonisa,1.6%,https://www.leonisa.com
Lepulse,https://www.iGive.com/lepulse,6.0%,https://lepulse.com
Les Nereides,https://www.iGive.com/les-nereides,4.0%,https://www.lesnereides.com
Levenger,https://www.iGive.com/levenger,2.4%,https://www.levenger.com
Levi's,https://www.iGive.com/levi,0.8%,Manual Check Required
Lids.ca,https://www.iGive.com/lid,0.8%,https://www.lid.com
Lids.com,https://www.iGive.com/lids,0.8%,Manual Check Required
Life Clothing Co.,https://www.iGive.com/life-clothing,8.0%,Manual Check Required
Life is Good,https://www.iGive.com/life-is-good,3.2%,https://lifeisgood.com
Life Line Screening,https://www.iGive.com/life-line,Special Rate,https://www.lifeline.com
LifeStride,https://www.iGive.com/lifestride,1.2%,https://www.lifestride.com
LightInTheBox,https://www.iGive.com/Light-In-The-Box,3.2%,Manual Check Required
Lillian Vernon,https://www.iGive.com/lillian-vernon,1.2%,https://www.lillianvernon.com
Lilly Pulitzer,https://www.iGive.com/lilly-pulitzer,0.4%,https://www.lillypulitzer.com
LILYSILK,https://www.iGive.com/lilysilk,3.2%,https://www.lilysilk.com
Lindt Chocolates,https://www.iGive.com/lindt,1.6%,https://www.lindt.ch
LinensBargains,https://www.iGive.com/linens-bargains,3.2%,Manual Check Required
Link Interactive,https://www.iGive.com/link-interactive,Special Rate,https://www.linkinteractive.com
Little Tikes,https://www.iGive.com/littletikes,1.4%,https://www.littletikes.com
Little Words Project,https://www.iGive.com/little-words,2.0%,https://www.littlewords.com
LittleMissMatched,https://www.iGive.com/littlemissmatched,4.0%,https://www.littlemissmatched.com
Living DNA,https://www.iGive.com/living-dna,2.8%,https://livingdna.com:443
LOL Jerky,https://www.iGive.com/lol-jerky,6.4%,Manual Check Required
LOLShirts,https://www.iGive.com/LOL-shirts,2.0%,https://www.lolshirts.com
LOOK OPTIC,https://www.iGive.com/look-optic,1.6%,https://www.lookoptic.com
Lookfantastic,https://www.iGive.com/lookfantastic,0.4%,https://www.lookfantastic.com
Looking4Parking,https://www.iGive.com/looking-4-parking,2.0%,https://www.looking4parking.com
Lorex Technology,https://www.iGive.com/Lorex-Technology,0.8%,https://www.lorex.com
Lovedbaby,https://www.iGive.com/lovedbaby,2.0%,https://www.lovedbaby.com
Lovehoney,https://www.iGive.com/lovehoney,1.6%,Manual Check Required
LovelyWholesale,https://www.iGive.com/lovelywholesale,3.2%,https://www.lovelywholesale.com
Lucky Brand,https://www.iGive.com/lucky-brand,1.6%,Manual Check Required
Lucky Orange,https://www.iGive.com/lucky-orange,20.0%,Manual Check Required
Lugz,https://www.iGive.com/lugz,1.6%,https://www.lugz.com
Lula's Garden,https://www.iGive.com/lulas-garden,4.0%,https://www.lulasgarden.com
Lumens,https://www.iGive.com/lumens,2.4%,https://www.lumens.com
Lumin,https://www.iGive.com/lumin,2.4%,https://www.lumin.com
Luvme Hair,https://www.iGive.com/luvme,2.0%,https://shop.luvmehair.com
LuxeDH,https://www.iGive.com/luxe-dh,0.8%,https://www.luxedh.com
Luxor Linens,https://www.iGive.com/luxor-linens,4.0%,https://luxorlinens.com
Mackenzie Limited,https://www.iGive.com/mackenzie-limited,1.6%,Manual Check Required
MacPaw,https://www.iGive.com/mac-paw,20.0%,https://macpaw.com:443
Macy's,https://www.iGive.com/Macy's,1.2%,Manual Check Required
Made By Hemp,https://www.iGive.com/made-by-hemp,6.0%,https://madebyhemp.com
Madewell,https://www.iGive.com/madewell,0.6%,Manual Check Required
Magazine.co.uk,https://www.iGive.com/magazine-uk,Special Rate,Manual Check Required
Magazines.com,https://www.iGive.com/magazines,4.0%,https://www.magazines.com
Magellan's Travel Supplies,https://www.iGive.com/magellans,2.0%,https://www.magellans.com
MagicKitchen.com,https://www.iGive.com/magic-kitchen,4.0%,https://www.magickitchen.com
Magoosh,https://www.iGive.com/toefl.magoosh,3.2%,https://magoosh.com
Maidenform,https://www.iGive.com/maidenform,0.4%,Manual Check Required
MAKANAI Japanese Pure Beauty,https://www.iGive.com/Makanai,6.0%,Manual Check Required
Mally Beauty,https://www.iGive.com/mally,3.2%,https://mallybeauty-co-uk.myshopify.com
Manitoba Harvest,https://www.iGive.com/manitoba,2.4%,https://manitobaharvest.com
Mankind,https://www.iGive.com/Mankind,1.2%,https://www.mankind.com
Manuka Doctor,https://www.iGive.com/manuka-doctor,3.2%,https://www.manukadoctor.com
Maps.com Shop,https://www.iGive.com/maps,4.0%,https://www.maps.com
Marc Jacobs,https://www.iGive.com/marc-jacobs,0.4%,https://www.marcjacobs.com
Marcelle,https://www.iGive.com/marcelle,2.4%,https://marcelle.com
Margaritaville Cargo,https://www.iGive.com/margaritavillecargo,2.4%,https://www.margaritavillecargo.com
Marika,https://www.iGive.com/marika,1.6%,https://www.marika.com
Marimekko,https://www.iGive.com/marimekko,3.2%,https://www.marimekko.com
Marks & Spencer,https://www.iGive.com/marks-and-spencer,0.8%,https://www.marksandspencer.com
Mars Med Supply,https://www.iGive.com/mars-med,4.0%,https://marsmed.com
Master of Project Academy,https://www.iGive.com/master-project,6.0%,https://masterofprojectacademy.com
Matisse Footwear,https://www.iGive.com/matisse,3.2%,https://www.matisse.com
Matt & Nat,https://www.iGive.com/matt-and-nat,1.6%,https://mattandnat.com
Mattress Firm,https://www.iGive.com/mattress-firm,2.0%,https://www.mattressfirm.com
Mavi Jeans,https://www.iGive.com/mavi,1.6%,https://us.mavi.com
MaXpeedingrods,https://www.iGive.com/maxpeedingrods,4.0%,https://www.maxpeedingrods.com
McAfee,https://www.iGive.com/home.mcafee,14.0%,https://www.homemcafee.com
MCM World Wide,https://www.iGive.com/MCM-World-Wide,0.8%,https://www.mcmworldwide.com
Mead,https://www.iGive.com/mead,2.2%,Manual Check Required
MEL Science,https://www.iGive.com/MEL-science,Special Rate,https://melscience.com:443
Melinda Maria Designs,https://www.iGive.com/melinda-maria,3.2%,https://www.melindamaria.com
Melissa and Doug,https://www.iGive.com/melissa-and-doug,2.4%,https://www.melissaanddoug.com
MELT Method,https://www.iGive.com/melt-method,4.0%,https://meltmethod.com
Men's Wearhouse,https://www.iGive.com/mens-wearhouse,1.2%,Manual Check Required
Michael Kors,https://www.iGive.com/michael-kors,0.8%,Manual Check Required
Michael Stars,https://www.iGive.com/michael-stars,2.0%,https://www.michaelstars.com
"Michaels Stores, Inc.",https://www.iGive.com/michaels,2.0%,https://www.michaels.com
Michele,https://www.iGive.com/michele,0.4%,Manual Check Required
Microbrewed Beer of the Month Club,https://www.iGive.com/beermonthclub,Special Rate,https://www.beermonthclub.com
Microsoft Store Canada,https://www.iGive.com/microsoft,0.4%,https://www.microsoft.com
Mighty Leaf Tea,https://www.iGive.com/mighty-leaf-tea,1.6%,Manual Check Required
MightyCall,https://www.iGive.com/mightycall,Special Rate,https://www.mightycall.com
Mignon Faget,https://www.iGive.com/mignon-faget,0.4%,https://www.mignonfaget.com
Mikasa.com,https://www.iGive.com/mikasa,2.4%,https://www.mikasa.com
Miles Kimball,https://www.iGive.com/miles-kimball,2.4%,Manual Check Required
Millennium & Copthorne Hotels,https://www.iGive.com/millenniumcopthorne-hotels,1.2%,Manual Check Required
Mint Mobile,https://www.iGive.com/mint-mobile,Special Rate,Manual Check Required
Mio Skincare,https://www.iGive.com/Mio-Skincare,2.4%,Manual Check Required
Miracle Noodle,https://www.iGive.com/miracle-noodle,4.0%,https://miraclenoodle.com
Miraclesuit,https://www.iGive.com/miraclesuit,0.8%,https://www.miraclesuit.com
Mission Farms CBD,https://www.iGive.com/mission-farms,6.0%,https://www.mission-farms.com
Mixbook,https://www.iGive.com/mixbook,2.4%,https://www.mixbook.com
MLBshop,https://www.iGive.com/shop.mlb,0.8%,Manual Check Required
Modell's,https://www.iGive.com/modells,2.0%,https://modells.com
Modern Bathroom,https://www.iGive.com/modern-bathroom,2.4%,https://www.modernbathroom.com
Molton Brown,https://www.iGive.com/molton-brown,2.4%,https://www.molton-brown.com
Monica Vinader,https://www.iGive.com/monica-vinader,1.6%,Manual Check Required
Monoprice,https://www.iGive.com/monoprice,0.8%,Manual Check Required
Monthly Clubs,https://www.iGive.com/Monthly-Clubs,Special Rate,https://www.monthlyclubs.com
Montway Auto Transport,https://www.iGive.com/montway,Special Rate,https://www.montway.com
MOO,https://www.iGive.com/moo,0.8%,https://www.moo.com
Moonbow by Dubslabs,https://www.iGive.com/dubslabs,0.4%,https://dubslabs.com
Morris 4x4 Center,https://www.iGive.com/morris-center,1.6%,https://morriscenter.org
Mosaic Weighted Blankets,https://www.iGive.com/mosaic,3.6%,https://www.mosaic.com
Motherhood Maternity,https://www.iGive.com/motherhood,0.8%,https://motherhood.com
Motiv,https://www.iGive.com/motiv,3.6%,Manual Check Required
Motives Cosmetics,https://www.iGive.com/motives-cosmetics,2.0%,https://www.motivescosmetics.com
Mountain Warehouse,https://www.iGive.com/mountain-warehouse,2.0%,https://www.mountainwarehouse.com
Movo Photo,https://www.iGive.com/movo-photo,4.0%,https://www.movophoto.com
Mr. Peanut's Premium Products,https://www.iGive.com/mr-peanuts,4.0%,https://www.mrpeanuts.com
MSC Industrial Supply,https://www.iGive.com/msc-industrial,0.8%,https://mscindustrial.com
Mugler,https://www.iGive.com/mugler,3.2%,Manual Check Required
MunchPak,https://www.iGive.com/munch-pak,4.0%,Manual Check Required
Murad Skin Care,https://www.iGive.com/murad,1.6%,https://www.murad.com
Music & Arts,https://www.iGive.com/music-arts,0.4%,https://www.musicarts.com
Musician's Friend,https://www.iGive.com/musicians-friend,0.4%,https://www.musiciansfriend.com
My Gift Stop,https://www.iGive.com/my-gift-stop,2.4%,https://www.mygiftstop.com
My M&M's,https://www.iGive.com/mandms,2.4%,https://www.mandms.com
My Social Book,https://www.iGive.com/my-social-book,2.0%,https://www.mysocialbook.com
My Wedding Favors,https://www.iGive.com/my-wedding-favors,4.8%,https://www.myweddingfavors.com
MyCleanPC,https://www.iGive.com/my-clean-pc,Special Rate,https://www.mycleanpc.com
MyDevices,https://www.iGive.com/mydevices,Special Rate,Manual Check Required
Myprotein,https://www.iGive.com/myprotein,1.6%,https://www.myprotein.com
MyTeaDrop,https://www.iGive.com/myteadrop,2.0%,https://www.myteadrop.com
Naadam,https://www.iGive.com/naada,1.2%,Manual Check Required
Naked Wines,https://www.iGive.com/naked-wines,Special Rate,https://www.nakedwines.com
Namecheap,https://www.iGive.com/name-cheap,8.0%,https://www.namecheap.com
NARS Cosmetics,https://www.iGive.com/nars-cosmetics,1.6%,https://www.narscosmetics.com
Nat Nast,https://www.iGive.com/nat-nast,3.2%,https://natnast.com
National Academy of Sports Medicine,https://www.iGive.com/nasm,4.0%,https://www.nasm.org
National Business Furniture,https://www.iGive.com/nationalbusinessfurniture,1.6%,https://www.nationalbusinessfurniture.com
National Car Rental,https://www.iGive.com/national-rental-car,0.8%,Manual Check Required
Native Pet,https://www.iGive.com/native-pet,2.4%,https://nativepet.com
Natori,https://www.iGive.com/natori,2.4%,https://www.natori.com
Natural Healthy Concepts,https://www.iGive.com/natural-healthy-concepts,2.4%,https://www.nhc.com
Naturalizer,https://www.iGive.com/naturalizer,1.2%,Manual Check Required
Naturalizer Canada,https://www.iGive.com/naturalize,1.2%,https://www.naturalize.com
Naturepedic,https://www.iGive.com/naturepedic,2.4%,https://www.naturepedic.com
Nautica,https://www.iGive.com/nautica,1.6%,Manual Check Required
Nautilus,https://www.iGive.com/nautilus,2.0%,https://www.nautilus.com
Naylors Equestrian,https://www.iGive.com/naylors,2.0%,https://www.naylors.com
Nearly Natural,https://www.iGive.com/nearly-natural,2.0%,https://www.nearlynatural.com
Nectar Bath Treats,https://www.iGive.com/nectar-bath,2.0%,Manual Check Required
Nectar Sunglasses,https://www.iGive.com/nectar-sunglasses,3.6%,https://www.nectarsunglasses.com
Neiman Marcus,https://www.iGive.com/neiman-marcus,0.8%,Manual Check Required
Net10 Wireless,https://www.iGive.com/net10affiliates,2.0%,https://www.net10wireless.com
Neuro,https://www.iGive.com/deal.neurogum,4.0%,Manual Check Required
New Balance,https://www.iGive.com/new-balance,0.8%,Manual Check Required
New York Comedy,https://www.iGive.com/newyorkcomedy,2.8%,Manual Check Required
Newegg,https://www.iGive.com/newegg,0.4%,https://www.newegg.com
Newegg Canada,https://www.iGive.com/neweg,0.2%,Manual Check Required
NeweggBusiness,https://www.iGive.com/neweggbusiness,0.4%,https://www.neweggbusiness.com
Nextdoor,https://www.iGive.com/nextdoor,Special Rate,https://nextdoor.com
NFL+,https://www.iGive.com/nfl,0.8%,https://www.nfl.com
NFLShop.com,https://www.iGive.com/NFL-shop,0.8%,Manual Check Required
Nike.com,https://www.iGive.com/nike,2.4%,https://www.nike.com
Nina Shoes,https://www.iGive.com/nina-shoes,6.0%,https://ninashoes.com
Nine West,https://www.iGive.com/nine-west,1.2%,https://ninewest.com
No nonsense,https://www.iGive.com/no-nonsense,4.0%,https://nononsense.com
No7 Beauty,https://www.iGive.com/no7-beauty,2.4%,Manual Check Required
Nolo,https://www.iGive.com/nolo,10.0%,https://www.nolo.com
Nomadik,https://www.iGive.com/nomadik,6.0%,Manual Check Required
Nordgreen,https://www.iGive.com/nordgreen,4.0%,https://nordgreen.com
NordVPN,https://www.iGive.com/nordvpn,16.0%,https://nordvpn.com
North American Power,https://www.iGive.com/napower,Special Rate,https://www.napower.com
NorthStyle,https://www.iGive.com/northstyle,2.0%,https://www.northstyle.com
NortonLifelock,https://www.iGive.com/login.norton,8.0%,https://www.gendigital.com
NOVICA,https://www.iGive.com/novica,2.4%,https://www.novica.com
Nuleaf Naturals CBD,https://www.iGive.com/nuleaf,4.0%,https://www.nuleaf.com
Nunn Bush,https://www.iGive.com/nunn-bush,2.8%,https://www.nunnbush.com
Nunn Bush Canada,https://www.iGive.com/nunn-bush-canada,2.0%,Manual Check Required
Nutribullet,https://www.iGive.com/nutribullet,2.4%,https://www.nutribullet.com
Nutricost,https://www.iGive.com/nutricost,4.0%,https://nutricost.com
Nutrisystem,https://www.iGive.com/nutrisystem,Special Rate,Manual Check Required
Nuuvem,https://www.iGive.com/nuuvem,1.2%,Manual Check Required
NuWave Oven,https://www.iGive.com/mynuwaveoven,4.0%,https://www.nuwavenow.com
NYX Professional Makeup,https://www.iGive.com/nyx,3.2%,https://www.nyxprofessionalmakeup.com
O.R.G. Skincare,https://www.iGive.com/org-skincare,8.0%,https://www.orgskincare.com
Oakley,https://www.iGive.com/oakley,2.4%,https://www.oakley.com
OCLU,https://www.iGive.com/oclu,4.0%,https://oclu.com
Ode a la Rose,https://www.iGive.com/ode-a-la-rose,4.0%,https://www.odealarose.com
Office Depot and OfficeMax,https://www.iGive.com/officedepot,1.2%,https://www.officedepot.com
Oki Oki,https://www.iGive.com/oki-oki,2.0%,https://okioki.com
Old Navy,https://www.iGive.com/old-navy,1.6%,https://oldnavy.gap.com
Old Navy Canada,https://www.iGive.com/old-navy-canada,1.6%,https://oldnavy.gapcanada.ca
OleHenriksen,https://www.iGive.com/olehenriksen,1.6%,https://olehenriksen.com
Olight USA,https://www.iGive.com/olight,4.0%,https://www.olight.com
Omaha Steaks,https://www.iGive.com/omaha-steaks,1.2%,Manual Check Required
One Hanes Place,https://www.iGive.com/one-hanes-place,0.4%,Manual Check Required
One Kings Lane,https://www.iGive.com/onekingslane,0.4%,https://www.onekingslane.com
OneBone,https://www.iGive.com/onebone,Special Rate,https://onebonebrand.com
ONeillClothing.com,https://www.iGive.com/o-neill-clothing,0.8%,https://us.oneill.com
OnePlus,https://www.iGive.com/one-plus,1.2%,https://www.oneplus.com
OneTravel,https://www.iGive.com/one-travel,Special Rate,Manual Check Required
Online Amish Furniture,https://www.iGive.com/online-amish-furniture,1.6%,https://onlineamishfurniture.com
Only Natural Pet,https://www.iGive.com/only-natural-pet,0.8%,https://www.onlynaturalpet.com
Onyx Hospitality,https://www.iGive.com/onyx-hospitality,1.2%,https://onyxhospitality.com
Opencare,https://www.iGive.com/opencare,Special Rate,https://www.opencare.com
OpinionInn,https://www.iGive.com/opinioninn,Special Rate,https://opinioninn.com
Optimum Nutrition,https://www.iGive.com/optimum-nutrition,3.2%,https://www.optimumnutrition.com
Opulent Organics CBD,https://www.iGive.com/opulent-organics,8.0%,Manual Check Required
Orbitz,https://www.iGive.com/orbitz,0.8%,Manual Check Required
Organic Baby Food,https://www.iGive.com/organic-baby-food,4.0%,https://www.organicbabyfood.com
Oriental Trading,https://www.iGive.com/oriental-trading,1.6%,https://www.orientaltrading.com
Orig3n DNA Tests,https://www.iGive.com/orig3n,10.0%,https://www.orig3n.com
Origins Canada,https://www.iGive.com/origin,2.4%,https://www.ea.com
Origins.com,https://www.iGive.com/origins,0.4%,Manual Check Required
Oster,https://www.iGive.com/Oster,2.4%,https://www.oster.com
Oster Professional Products,https://www.iGive.com/osterpro,2.4%,https://www.osterpro.com
OtterBox,https://www.iGive.com/otterbox,2.4%,https://www.otterbox.com
Ouidad,https://www.iGive.com/ouidad,1.6%,https://www.ouidad.com
Outdoor Gear Exchange,https://www.iGive.com/gearx,2.4%,https://www.gearx.com
Overnight Glasses,https://www.iGive.com/overnight-glasses,Special Rate,https://www.overnightglasses.com
Overstock.com,https://www.iGive.com/overstock,0.8%,https://www.overstock.com
Overton's,https://www.iGive.com/overtons,0.8%,https://www.overtons.com
PacSun,https://www.iGive.com/pacsun,0.4%,Manual Check Required
PalmBeach Jewelry,https://www.iGive.com/palm-beach,2.8%,https://www.palmbeach.com
Paper Mart,https://www.iGive.com/paper-mart,1.2%,https://www.papermart.com
Parachute Home,https://www.iGive.com/parachute-home,1.6%,https://parachutehome.com
Parallels,https://www.iGive.com/parallels,6.0%,https://www.parallels.com
Paravel,https://www.iGive.com/paravel,3.2%,https://paravel.com
Paris City Vision,https://www.iGive.com/paris-city-vision,3.2%,https://www.pariscityvision.com
ParkSleepFly,https://www.iGive.com/park-sleep-fly,Special Rate,https://parksleepfly.com
Parts Geek,https://www.iGive.com/parts-geek,2.0%,https://www.partsgeek.com
Patagonia,https://www.iGive.com/patagonia,3.2%,Manual Check Required
Patagonia Provisions,https://www.iGive.com/patagonia-provisions,3.2%,Manual Check Required
PatchMD,https://www.iGive.com/PatchMD,3.2%,https://www.patchmd.com
PatPat,https://www.iGive.com/patpat,2.0%,Manual Check Required
Patrick Ta Beauty,https://www.iGive.com/patrick-ta,3.2%,https://patrickta.com
Paul Fredrick Menstyle,https://www.iGive.com/menstyle,3.2%,Manual Check Required
Paula's Choice,https://www.iGive.com/paulas-choice,2.8%,https://www.paulaschoice.com
pCloud,https://www.iGive.com/pcloud,0.4%,https://www.pcloud.com
Pedro Shoes,https://www.iGive.com/pedro-shoes,2.0%,https://www.pedroshoes.com
Peet's Coffee,https://www.iGive.com/peets,0.8%,https://www.peets.com
Penningtons,https://www.iGive.com/penningtons,1.6%,https://www.penningtons.com
PeopleFinders,https://www.iGive.com/people-finders,26.0%,https://www.peoplefinders.com
Percival Menswear,https://www.iGive.com/Percival,3.2%,Manual Check Required
Perfumania,https://www.iGive.com/perfumania,1.6%,https://perfumania.com
Perricone MD,https://www.iGive.com/perricone-md,0.8%,https://www.perriconemd.com
Personalabs,https://www.iGive.com/personalabs,4.0%,Manual Check Required
Personalization Mall,https://www.iGive.com/personalization-mall,1.2%,https://www.personalizationmall.com
Personnel Concepts,https://www.iGive.com/personnel-concepts,4.0%,https://www.personnelconcepts.com
Pet Supermarket,https://www.iGive.com/pet-supermarket,0.4%,https://www.pet-supermarket.com
PetCareRx,https://www.iGive.com/pet-care-rx,2.4%,https://www.petcarerx.com
PETCO,https://www.iGive.com/petco,0.8%,Manual Check Required
Peter Millar,https://www.iGive.com/peter-millar,1.6%,Manual Check Required
PETER THOMAS ROTH CLINICAL SKIN CARE,https://www.iGive.com/PETER-THOMAS-ROTH-CLINICAL-SKIN-CARE,1.2%,Manual Check Required
Peterson's Test Prep,https://www.iGive.com/petersons,4.0%,https://www.petersons.com
PetFriendly,https://www.iGive.com/petfriendly,2.0%,https://petfriendly.com
Petjoy,https://www.iGive.com/petjoy,6.0%,https://petjoy.com
Pfaltzgraff,https://www.iGive.com/pfaltzgraff,2.4%,https://www.pfaltzgraff.com
Philips,https://www.iGive.com/philips,1.6%,https://www.usa.philips.com
philosophy,https://www.iGive.com/philosophy,2.0%,https://philosophy.com
Photobook America,https://www.iGive.com/photobook,4.0%,https://www.photobookamerica.com
Photobucket,https://www.iGive.com/photobucket,8.0%,https://www.photobucket.com
Photography.com,https://www.iGive.com/photography,4.0%,https://photography.com
PictureFrames,https://www.iGive.com/pictureframes,0.4%,https://www.pictureframes.com
Pictures On Gold,https://www.iGive.com/pictures-on-gold,2.0%,https://www.picturesongold.com
Pikolinos,https://www.iGive.com/pikolinos,2.4%,https://www.pikolinos.com
Pillow Guy,https://www.iGive.com/pillow-guy,4.0%,https://www.pillowguy.com
Pinty,https://www.iGive.com/pinty,2.4%,https://www.pinty.com
Pixie Mood,https://www.iGive.com/pixiemood,4.0%,Manual Check Required
Play Osmo,https://www.iGive.com/osmo,2.0%,https://www.osmo.com
Plow & Hearth,https://www.iGive.com/plow-hearth,2.0%,https://plowhearth.com
PopSockets,https://www.iGive.com/popsockets,3.2%,https://www.popsockets.com
Portions Master,https://www.iGive.com/portions-master,6.0%,https://www.portionsmaster.com
prAna,https://www.iGive.com/prana,1.6%,https://www.prana.com
Precious Moments,https://www.iGive.com/precious-moments,4.0%,https://www.preciousmoments.com
Premier TEFL,https://www.iGive.com/premier-tefl,4.0%,https://premiertefl.com
Prestigia,https://www.iGive.com/prestigia,Special Rate,https://www.prestigia.com
PrettyLittleThing US,https://www.iGive.com/pretty-little-thing,2.4%,https://www.prettylittlethingus.com
Priceline.com,https://www.iGive.com/priceline,2.0%,Manual Check Required
Proactiv+,https://www.iGive.com/proactiv,3.2%,https://proactiv.com
ProFlowers,https://www.iGive.com/proflowers,2.0%,https://www.proflowers.com
Proviz,https://www.iGive.com/proviz,1.2%,https://provizsports.com
ProWritingAid,https://www.iGive.com/prowritingaid,Special Rate,Manual Check Required
PsPrint,https://www.iGive.com/ps-print,2.0%,https://www.psprint.com
Psycho Bunny,https://www.iGive.com/psycho-bunny,2.0%,https://www.psychobunny.com
PUBLIC Bikes,https://www.iGive.com/public-bikes,3.2%,https://publicbikes.com
Public Desire,https://www.iGive.com/public-desire,2.4%,https://www.publicdesire.com
PUMA,https://www.iGive.com/us.puma,2.0%,https://in.puma.com
PUR,https://www.iGive.com/pur-cosmetics,3.2%,https://www.purcosmetics.com
Pura Vida Bracelets,https://www.iGive.com/pura-vida-bracelets,0.8%,https://www.puravidabracelets.com
Pure Hemp Botanicals,https://www.iGive.com/purehemp,18.0%,https://purehempbotanicals.com
PureVPN,https://www.iGive.com/purevpn,10.0%,https://www.purevpn.com
Purlisse,https://www.iGive.com/purlisse,4.0%,https://purlisse.com
Purple Carrot,https://www.iGive.com/purple-carrot,Special Rate,https://www.purplecarrot.com
Quantum Nutrition Labs,https://www.iGive.com/qnlabs,2.0%,https://qnlabs.com
Quest,https://www.iGive.com/quest-health,4.0%,https://www.questhealth.com
Quest Nutrition,https://www.iGive.com/Quest-Nutrition,4.0%,https://www.questnutrition.com
QuickBooks,https://www.iGive.com/quickbooks,Special Rate,Manual Check Required
Quill.com,https://www.iGive.com/quill,0.4%,https://www.quill.com
QVC,https://www.iGive.com/qvc,1.2%,https://www.qvc.com
Rachel Ashwell Shabby Chic,https://www.iGive.com/rachel-ashwell,2.0%,https://www.rachelashwell.com
Radisson Hotels,https://www.iGive.com/radisson,1.6%,Manual Check Required
Rainbow Light,https://www.iGive.com/rainbow-light,4.0%,https://www.rainbowlight.com
Rakuten Kobo,https://www.iGive.com/kobo,0.4%,https://www.kobo.com
Rakuten Shopping,https://www.iGive.com/buy,0.4%,https://www.rakuten.com
Ralph Lauren Fragrances,https://www.iGive.com/ralphlaurenfragrances,0.8%,Manual Check Required
RawSpiceBar,https://www.iGive.com/rawspicebar,8.4%,https://rawspicebar.com
Ray-Ban,https://www.iGive.com/ray-ban,2.8%,Manual Check Required
ReadingIQ,https://www.iGive.com/reading-iq,Special Rate,https://www.readingiq.com
Rebecca Minkoff,https://www.iGive.com/rebecca-minkoff,1.6%,https://www.rebeccaminkoff.com
Recoil Automatic Cord Winders,https://www.iGive.com/recoil-automatic-cord-winders,4.0%,Manual Check Required
Red Roof,https://www.iGive.com/red-roof-inn,1.2%,Manual Check Required
Redken,https://www.iGive.com/re,2.8%,Manual Check Required
Redline Goods,https://www.iGive.com/redline,2.8%,https://www.redlinegoods.com
RedShelf,https://www.iGive.com/redshelf,2.0%,https://www.redshelf.com
Reebok,https://www.iGive.com/reebok,3.2%,https://www.reebok.com
Reel Paper,https://www.iGive.com/reel-paper,Special Rate,https://www.reelpaper.com
RefrigiWear,https://www.iGive.com/refrigiwear,3.2%,https://refrigiwear.com
Refurb.io,https://www.iGive.com/refurb,1.6%,https://www.refurb.com
Reitmans,https://www.iGive.com/reitmans,1.6%,https://www.reitmans.com
Remind Insoles,https://www.iGive.com/remind-insoles,0.4%,https://remindinsoles.com
Renpho,https://www.iGive.com/renpho,2.0%,https://renpho.com
RentalCars.com,https://www.iGive.com/rental-cars,1.5%,Manual Check Required
RentReporters,https://www.iGive.com/rent-reporters,Special Rate,https://www.rentreporters.com
Republic of Durable Goods,https://www.iGive.com/republic-goods,3.2%,https://www.republic-goods.com
Restaurant.com,https://www.iGive.com/restaurant,8.0%,https://www.restaurant.com
ReStockIt,https://www.iGive.com/restockit,2.0%,https://www.restockit.com
Revelry Supply,https://www.iGive.com/revelry-supply,4.8%,https://revelrysupply.com
ReVive Skincare,https://www.iGive.com/revive,3.2%,https://revive.com
Ritani,https://www.iGive.com/ritani,0.8%,Manual Check Required
Robert Graham,https://www.iGive.com/robert-graham,1.6%,Manual Check Required
Robert Mondavi Winery,https://www.iGive.com/mondavi-winery,3.2%,https://robertmondaviwinery.com
Rock Bottom Golf,https://www.iGive.com/rock-bottom-golf,0.8%,https://www.rockbottomgolf.com
Rocket Dog,https://www.iGive.com/rocket-dog,2.0%,https://www.rocketdog.com
Rockport,https://www.iGive.com/rockport,1.6%,https://www.rockport.com
Rocky Boots,https://www.iGive.com/rocky-boot,4.0%,https://rockyboots.com
Rodd & Gunn,https://www.iGive.com/rodd-and-gunn,2.4%,https://www.roddandgunn.com
RollerSkateNation,https://www.iGive.com/roller-skate-nation,3.2%,https://rollerskatenation.com
Roots Canada,https://www.iGive.com/roots,2.0%,https://www.roots.com
Rosetta Stone,https://www.iGive.com/rosetta-stone,2.8%,https://www.rosettastone.com
Rover,https://www.iGive.com/get.rover,Special Rate,https://www.getrover.com
Roxio,https://www.iGive.com/roxio,4.0%,https://www.roxio.com
Roxy,https://www.iGive.com/roxy,1.2%,https://www.roxy.com
Royal & Pure,https://www.iGive.com/royal-pure,12.0%,Manual Check Required
Royal Doulton,https://www.iGive.com/royal-doulton,2.4%,https://www.royaldoulton.com
Roztayger,https://www.iGive.com/roztayger,2.8%,https://roztayger.com
Rue La La,https://www.iGive.com/rue-la-la,1.2%,Manual Check Required
Ruggable,https://www.iGive.com/ruggable,1.6%,https://ruggable.com
Runderwear,https://www.iGive.com/runderwear,2.0%,https://runderwear.com
RVshare,https://www.iGive.com/rvshare,1.6%,https://rvshare.com
RW&CO.,https://www.iGive.com/rw-co,0.8%,https://rwco.com
Ryderwear,https://www.iGive.com/ryderwear,2.4%,https://www.ryderwear.com
Ryka,https://www.iGive.com/ryka,1.2%,Manual Check Required
S&S Worldwide,https://www.iGive.com/ss-worldwide,1.6%,https://www.ssworldwide.com
Saatchi Art,https://www.iGive.com/saatchi-art,1.6%,Manual Check Required
Saber Distributors (US),https://www.iGive.com/saber-distributors,4.0%,Manual Check Required
Sabon,https://www.iGive.com/sabon,1.6%,Manual Check Required
Sage UK,https://www.iGive.com/sage,2.0%,https://www.sage.com
SageFinds,https://www.iGive.com/sage-finds,4.0%,https://www.sagefinds.com
Saint Owen,https://www.iGive.com/saint-owen,8.0%,https://saintowen.com
Sally Beauty Supply,https://www.iGive.com/Sally,2.4%,https://www.sally.com
Saltwater Fish,https://www.iGive.com/saltwater-fish,2.0%,https://www.saltwaterfish.com
Samsonite,https://www.iGive.com/samsonite,2.0%,Manual Check Required
Sand & Sky,https://www.iGive.com/sand-and-sky,0.8%,https://www.sandandsky.com
Sand Cloud,https://www.iGive.com/sand-cloud,0.8%,https://www.sandcloud.com
Sandisk,https://www.iGive.com/sandisk,2.0%,https://www.sandisk.com
SaturdaysNYC,https://www.iGive.com/saturdaysnyc,2.8%,https://www.saturdaysnyc.com
Satya Jewelry,https://www.iGive.com/satya,2.4%,https://www.satyajewelry.com
Savage X Fenty,https://www.iGive.com/savage,Special Rate,https://www.savagex.com
Savearound,https://www.iGive.com/savearound,2.8%,https://savearound.com
SaySo Rewards,https://www.iGive.com/saysoforgood,Special Rate,https://www.saysoforgood.com
Scandinavian Designs,https://www.iGive.com/scandinavian-designs,1.2%,https://scandinaviandesigns.com
Scent Box,https://www.iGive.com/scent-box,Special Rate,https://www.scentbox.com
Scholastic -The Teacher Store,https://www.iGive.com/scholastic-teacher-express,1.2%,Manual Check Required
Scholastic Store,https://www.iGive.com/scholastic-store,1.2%,Manual Check Required
Schwinn Fitness,https://www.iGive.com/schwinn,2.0%,https://www.schwinnfitness.com
Scotch Porter,https://www.iGive.com/scotch-porter,2.0%,https://www.scotchporter.com
Scribendi,https://www.iGive.com/scribendi,4.0%,https://www.scribendi.com
Sea New York,https://www.iGive.com/sea-new-york,4.0%,https://www.nymediaboat.com
Sealy,https://www.iGive.com/sealy,2.4%,https://www.sealy.com
Sears PartsDirect,https://www.iGive.com/searspartsdirect,1.6%,https://www.searspartsdirect.com
SeatGeek,https://www.iGive.com/seatgeek,0.4%,Manual Check Required
Sebastian Cruz Couture,https://www.iGive.com/sebastian-cruz,4.0%,https://www.sebastiancruzcouture.com
Send Flowers,https://www.iGive.com/send-flowers,3.2%,https://www.sendflowers.com
Sennheiser,https://www.iGive.com/en-us.sennheiser,2.4%,https://www.sennheiser.com
Sensational Beginnings,https://www.iGive.com/sensational-beginnings,2.4%,https://greatergood.com
Sephora,https://www.iGive.com/sephora,2.0%,https://www.sephora.com
Sephora Canada,https://www.iGive.com/sephor,2.0%,Manual Check Required
Setapp,https://www.iGive.com/setapp,Special Rate,https://setapp.com
SewCal Masks,https://www.iGive.com/SewCal,4.0%,https://www.sewcal.com
Shambhala Publications,https://www.iGive.com/courses.shambhala,4.0%,Manual Check Required
Shapellx,https://www.iGive.com/shapellx,3.2%,https://www.shapellx.com
Shari's Berries,https://www.iGive.com/berries,1.2%,https://www.berries.com
Sharper Image,https://www.iGive.com/sharperimage,0.8%,https://sharperimage.com
Sheet World,https://www.iGive.com/sheet-world,3.2%,https://www.sheetworld.com
SheetMusicPlus,https://www.iGive.com/sheet-music-plus,0.8%,https://www.sheetmusicplus.com
SheIn,https://www.iGive.com/shein,6.0%,https://us.shein.com
Shelving,https://www.iGive.com/shelving,2.8%,https://www.shelving.com
Shiekh Shoes,https://www.iGive.com/shiekh,1.6%,https://www.shiekh.com
Shinola,https://www.iGive.com/shinola,2.4%,https://www.shinola.com
Shipito,https://www.iGive.com/shipito,Special Rate,https://www.shipito.com
ShipStation,https://www.iGive.com/ship-station,Special Rate,https://www.shipstation.com
Shipt,https://www.iGive.com/shipt,4.0%,Manual Check Required
Shiseido,https://www.iGive.com/shiseido,1.2%,https://www.shiseido.com
SHOEBACCA,https://www.iGive.com/shoebacca,2.4%,https://www.shoebacca.com
ShoeDazzle,https://www.iGive.com/shoedazzle,Special Rate,Manual Check Required
ShoeMall,https://www.iGive.com/shoemall,1.6%,https://www.shoemall.com
Shop WSS,https://www.iGive.com/shop-wss,2.8%,https://www.shopwss.com
SHOP.COM,https://www.iGive.com/shop,0.4%,https://www.shop.com
Shoplet,https://www.iGive.com/shoplet,1.2%,https://www.shoplet.com
Showers Pass,https://www.iGive.com/showers-pass,0.6%,https://showerspass.com
Shu Uemura,https://www.iGive.com/shu-uemura-art-of-hair,2.4%,Manual Check Required
Shu Uemura Canada,https://www.iGive.com/Shu-Uemura-Canada,2.4%,Manual Check Required
Shutterfly,https://www.iGive.com/accounts.shutterfly,0.8%,https://www.shutterfly.com
ShuttleFinder,https://www.iGive.com/shuttlefinder,8.0%,https://www.shuttlefinder.com
Sierra Designs,https://www.iGive.com/sierra-designs,2.4%,https://sierradesigns.com
Silkcut Underwear,https://www.iGive.com/silkcut,4.0%,https://silkcutunderwear.com
Silver Cuisine by Bistro MD,https://www.iGive.com/silver-cuisine,2.0%,https://www.bistromd.com
Silver Jeans,https://www.iGive.com/silver-jeans,1.6%,https://www.silverjeans.com
SimpleTire,https://www.iGive.com/simple-tire,0.8%,https://simpletire.com
Sisley Paris,https://www.iGive.com/sisley-paris,2.0%,https://www.sisleyparis.com
Siwy Denim,https://www.iGive.com/siwydenim,4.0%,https://www.siwydenim.com
Sixity Auto,https://www.iGive.com/sixity-auto,1.0%,Manual Check Required
Sizzlefish,https://www.iGive.com/sizzlefish,1.2%,https://www.sizzlefish.com
Sleeping Baby,https://www.iGive.com/sleeping-baby,2.4%,https://www.mybloomingbaby.com
Slumberjack,https://www.iGive.com/slumberjack,2.4%,https://slumberjack.com
SmallFlower.com,https://www.iGive.com/smallflower,4.0%,https://www.smallflower.com
Smart For Life,https://www.iGive.com/smart-for-life,2.8%,https://smartforlife.com
Smarter Nutrition,https://www.iGive.com/smarter-nutrition,2.4%,https://smarternutrition.com
SmartWool,https://www.iGive.com/smartwool,1.6%,https://www.smartwool.com
Snapfish,https://www.iGive.com/new.snapfish,0.4%,https://www.snapfish.com
Snipes,https://www.iGive.com/ Snipes,0.4%,https://www.snipes.com
Sobelia,https://www.iGive.com/sobelia,0.4%,https://www.sobelia.com
Sol CBD,https://www.iGive.com/sol-cbd,8.0%,https://solti.com
Solgaard,https://www.iGive.com/solgaar,3.2%,https://www.solgaar.com
Solid & Striped,https://www.iGive.com/solid-and-striped,2.8%,https://www.solidandstriped.com
Solight Design,https://www.iGive.com/solight,4.0%,https://solight.com
Soma Intimates,https://www.iGive.com/soma,1.6%,https://www.soma.com
SONY,https://www.iGive.com/sony,1.2%,Manual Check Required
Sorel,https://www.iGive.com/Sorel,1.6%,https://www.sorel.com
Soul Poles,https://www.iGive.com/soul-poles,3.2%,https://www.soulpoles.com
Southern Kitchen,https://www.iGive.com/southern-kitchen,1.6%,https://www.southernkitchen.com
SpaFinder,https://www.iGive.com/spafinder,2.4%,https://www.spafinder.com
SpaFinder CA,https://www.iGive.com/spafinder-ca,2.4%,https://www.spafinder.com
SPC Pets,https://www.iGive.com/spc-pets,3.2%,https://spcpets.com
Speedo,https://www.iGive.com/speedo,4.0%,https://speedo.com
Spencer Barnes,https://www.iGive.com/spencer-barnes,1.2%,Manual Check Required
Spencer's,https://www.iGive.com/spencer-gifts,0.8%,Manual Check Required
Sperry Top-Sider,https://www.iGive.com/sperry,2.8%,https://www.sperry.com
SpineAlign,https://www.iGive.com/spine-align,1.6%,https://www.spine-align.com
SpinLife,https://www.iGive.com/spin-life,1.6%,Manual Check Required
SpiritHalloween,https://www.iGive.com/Spirit-Halloween,0.8%,Manual Check Required
Splendid,https://www.iGive.com/splendid,1.6%,https://splendid.com
Spokeo,https://www.iGive.com/spokeo,Special Rate,Manual Check Required
SportChek,https://www.iGive.com/sport-chek,0.8%,Manual Check Required
Spot & Tango,https://www.iGive.com/spot-and-tango,Special Rate,https://www.spotandtango.com
Spy Associates: GPS Tracking & Surveillance Tools,https://www.iGive.com/spy-associates,2.4%,https://spyassociates.com
Spy Optic,https://www.iGive.com/spy-optic,1.2%,Manual Check Required
St. Frank,https://www.iGive.com/st-frank,2.0%,https://www.stfrank.com
Stacy Adams,https://www.iGive.com/stacy-adams,2.0%,https://www.stacyadams.com
Staples Print & Marketing Services,https://www.iGive.com/design.staples,2.4%,Manual Check Required
Staples.com,https://www.iGive.com/staples,1.6%,https://www.staples.com
Station Casinos,https://www.iGive.com/sclv,2.0%,https://stationcasinos.com
Stearns & Foster,https://www.iGive.com/stearns-foster,2.4%,Manual Check Required
SteelSeries,https://www.iGive.com/steelseries,2.0%,https://steelseries.com
Sterling Forever,https://www.iGive.com/sterling-forever,2.4%,https://www.sterlingforever.com
Steve Madden,https://www.iGive.com/steve-madden,2.4%,https://www.stevemadden.com
StickerGiant,https://www.iGive.com/stickergiant,2.0%,Manual Check Required
StickerYou,https://www.iGive.com/sticker-you,2.0%,Manual Check Required
Stila Cosmetics,https://www.iGive.com/stila-cosmetics,2.4%,https://www.stilacosmetics.com
Stio,https://www.iGive.com/stio,2.4%,https://www.stio.com
StockX,https://www.iGive.com/stockx,0.8%,Manual Check Required
Stonewall Kitchen,https://www.iGive.com/stonewall,1.2%,https://www.stonewall.com
Stop Aging Now,https://www.iGive.com/stop-aging-now,0.4%,https://www.stopagingnow.com
Stop and Shop,https://www.iGive.com/stopandshop,Special Rate,Manual Check Required
Strainz,https://www.iGive.com/strainz,8.0%,Manual Check Required
StrawberryNET,https://www.iGive.com/strawberry-net,2.0%,Manual Check Required
Stride Rite,https://www.iGive.com/stride-rite,0.4%,https://www.striderite.com
StubHub,https://www.iGive.com/stubhub,1.6%,https://www.stubhub.com
Stylin' Trucks,https://www.iGive.com/stylin-trucks,2.4%,https://www.carparts.com
Sugarfina,https://www.iGive.com/sugarfina,2.0%,Manual Check Required
Sulina Shop,https://www.iGive.com/sulina-shop,2.4%,https://sulinashop.com
Sulwhasoo,https://www.iGive.com/sulwhasoo,1.2%,https://www.sulwhasoo.com
Sumo Lounge,https://www.iGive.com/sumo-lounge,2.0%,https://www.sumolounge.com
Sunbeam,https://www.iGive.com/sunbeam,2.4%,https://www.sunbeam.com
Sunglass Hut,https://www.iGive.com/Sunglass-Hut,2.4%,https://www.sunglasshut.com
Sunny Sports,https://www.iGive.com/sunnysports,2.0%,Manual Check Required
SUPCASE,https://www.iGive.com/supcase,3.2%,https://supcase.com
Super Cheap Signs,https://www.iGive.com/supercheapsigns,3.2%,https://www.supercheapsigns.com
Super Chewer,https://www.iGive.com/super-chewer,Special Rate,https://bark.co
SuperSmart,https://www.iGive.com/supersmart,4.0%,https://www.supersmart.com
SuperStar.com,https://www.iGive.com/superstar,2.8%,https://www.superstar.com
SuppliesOutlet,https://www.iGive.com/supplies-outlet,1.2%,https://suppliesoutlet.com
Supreme Suspensions,https://www.iGive.com/supreme-suspensions,2.0%,https://www.supremesuspensions.com
Sur La Table,https://www.iGive.com/surlatable,1.6%,https://www.surlatable.com
Surfshark,https://www.iGive.com/surf-shark,16.0%,https://surfshark.com
Suzy Shier,https://www.iGive.com/suzy-shier,0.8%,https://suzyshier.com
Swanson Health,https://www.iGive.com/swanson,1.2%,https://www.swansonvitamins.com
T3 Micro,https://www.iGive.com/t3micro,1.6%,https://t3micro.com
TagUnder,https://www.iGive.com/tagunder,3.2%,Manual Check Required
Talbots,https://www.iGive.com/talbots,0.8%,https://www.talbots.com
TalkSpace,https://www.iGive.com/talkspace,Special Rate,https://www.talkspace.com
Tanga,https://www.iGive.com/tanga,2.0%,https://www.tanga.com
Taos Footwear,https://www.iGive.com/taos,6.0%,https://taosfootwear.com
TAP Air Portugal,https://www.iGive.com/flytap,0.4%,https://booking.flytap.com
Tarte,https://www.iGive.com/tarte,1.6%,https://tartecosmetics.com
tasc Performance,https://www.iGive.com/tasc,2.0%,https://www.tascperformance.com
Tatcha,https://www.iGive.com/tatcha,1.6%,https://tatcha.com
Tate's Bake Shop,https://www.iGive.com/tates-bake-shop,3.2%,https://www.tatesbakeshop.com
Tech For Less,https://www.iGive.com/tech-for-less,2.0%,https://www.techforless.com
Teleflora Flowers,https://www.iGive.com/teleflora,2.0%,https://www.teleflora.com
Temptu,https://www.iGive.com/temptu,1.6%,https://temptu.com
Tempur-Pedic,https://www.iGive.com/tempur-pedic,2.4%,https://www.tempurpedic.com
TerraCycle,https://www.iGive.com/shop.terracycle,1.2%,https://www.terracycle.com
Teva Footwear,https://www.iGive.com/teva,1.6%,Manual Check Required
The Animal Rescue Site Store,https://www.iGive.com/animalrescuesite,0.8%,https://theanimalrescuesite.com
The Body Shop,https://www.iGive.com/body-shop,2.4%,https://www.body-shop.com
The Catholic Company,https://www.iGive.com/catholic-company,3.2%,https://www.catholiccompany.com
The Children's Place,https://www.iGive.com/thechildrensplace,1.2%,Manual Check Required
The Company Store,https://www.iGive.com/the-company-store,0.8%,Manual Check Required
The Container Store,https://www.iGive.com/container-store,0.8%,https://www.containerstore.com
The Elephant Project,https://www.iGive.com/elephant-project,4.0%,https://www.elephant-project.com
The Fruit Company,https://www.iGive.com/the-fruit-company,1.2%,https://www.thefruitcompany.com
The Gallery Collection,https://www.iGive.com/gallery-collection,1.6%,https://www.gallerycollection.com
The Gift Basket Store,https://www.iGive.com/gift-basket-store,2.4%,https://giftbasketstore.com
The Great Courses,https://www.iGive.com/great-courses,2.0%,https://www.greatcourses.com
The Literacy Site,https://www.iGive.com/literacy-site,0.8%,https://greatergood.com
The MET Store,https://www.iGive.com/store.metmuseum,2.0%,https://ww2.affinity.net
The Motley Fool Canada,https://www.iGive.com/foo,Special Rate,https://www.foo.com
The Outnet,https://www.iGive.com/the-outnet,1.2%,https://theoutnet.com
The Paisley Box,https://www.iGive.com/paisley-box,4.0%,https://thepaisleybox.com
The Perfect Rug,https://www.iGive.com/the-perfect-rug,3.2%,https://www.theperfectrug.com
The Prisoner Wine Company,https://www.iGive.com/prisoner-wine-co,3.2%,https://theprisonerwinecompany.com
The Royal Mint,https://www.iGive.com/royalmint,0.4%,https://www.royalmint.com
The Shade Store,https://www.iGive.com/shade-store,0.8%,https://www.theshadestore.com
The Shelving Store,https://www.iGive.com/shelving-store,2.8%,https://theshelvingstore.com
The Sportsman's Guide,https://www.iGive.com/sportsmans-guide,2.0%,https://www.sportsmansguide.com
The Stitchery,https://www.iGive.com/stitchery,2.0%,https://www.stitchery.com
The Supplies Shops,https://www.iGive.com/suppliesshops,0.4%,https://www.suppliesshops.com
Theo & George,https://www.iGive.com/theo-and-george,2.8%,https://theoandgeorge.com
Thomas Earnshaw,https://www.iGive.com/thomas-earnshaw,4.0%,https://thomas-earnshaw.com
Thorlos,https://www.iGive.com/thorlo,2.4%,https://thorlo.com
Threads 4 Thought,https://www.iGive.com/threads-for-thought,1.2%,https://www.threads4thought.com
Ticket Liquidator,https://www.iGive.com/ticket-liquidator,2.8%,https://www.ticketliquidator.com
TicketNetwork,https://www.iGive.com/ticket-network,1.6%,https://www.ticketnetwork.com
TicketSmarter,https://www.iGive.com/ticket-smarter,2.4%,https://www.ticketsmarter.com
Tiger Direct,https://www.iGive.com/tigerdirect,0.8%,https://www.tigerdirect.com
Tilly's,https://www.iGive.com/tillys,0.8%,https://www.tillys.com
Timex,https://www.iGive.com/timex,0.4%,https://timex.com
Tire Agent,https://www.iGive.com/tire-agent,1.6%,https://www.tireagent.com
Tire Rack,https://www.iGive.com/m.tirerack,1.2%,https://www.tirerack.com
TireBuyer,https://www.iGive.com/tire-buyer,2.4%,https://www.tirebuyer.com
TireMart,https://www.iGive.com/bestusedtires,3.2%,https://www.tiremart.com
Tkees,https://www.iGive.com/tkees,1.6%,https://tkees.com
Toast!,https://www.iGive.com/alwaystoast,4.0%,https://alwaystoast.com
Tom & Sheri's Products,https://www.iGive.com/tom-and-sheri,2.4%,https://www.tomandsheri.com
TomboyX,https://www.iGive.com/tomboyx,1.6%,https://tomboyx.com
Tommy Hilfiger,https://www.iGive.com/usa.tommy,0.8%,Manual Check Required
Tommy John,https://www.iGive.com/tommy-john,0.8%,https://www.tommyjohn.com
TOMS Shoes,https://www.iGive.com/toms,2.0%,https://www.toms.com
Ton-Up Clothing,https://www.iGive.com/ton-up,4.0%,Manual Check Required
Tools Today,https://www.iGive.com/tools-today,0.4%,https://toolstoday.com
Topman,https://www.iGive.com/topman,1.2%,Manual Check Required
Total Diabetes Supply,https://www.iGive.com/total-diabetes-supply,1.6%,https://www.totaldiabetessupply.com
Total Gym Direct,https://www.iGive.com/total-gym,2.0%,https://totalgym.com
Total Tea,https://www.iGive.com/total-tea,4.0%,https://www.totaltea.com
Tractive,https://www.iGive.com/tractive,8.0%,https://tractive.com
Tractor Supply Company,https://www.iGive.com/tractor-supply,2.4%,Manual Check Required
Transcend Labs,https://www.iGive.com/transcend-labs,10.0%,Manual Check Required
Travelocity.ca,https://www.iGive.com/travelocit,0.8%,Manual Check Required
Travelocity.com,https://www.iGive.com/travelocity,0.8%,Manual Check Required
TravisMathew,https://www.iGive.com/travis-mathew,1.2%,https://travismathew.com
Tremendous Parfum,https://www.iGive.com/perfume-spot,2.0%,https://tremendousparfum.com
Trend Micro,https://www.iGive.com/trend-micro,8.0%,https://www.trendmicro.com
Trip.com,https://www.iGive.com/pages-trip,0.4%,https://us.trip.com
Tripadvisor,https://www.iGive.com/trip-advisor,3.6%,Manual Check Required
Tropical Oasis,https://www.iGive.com/tropical-oasis,4.0%,https://tropicaloasis.com
Troy-Bilt,https://www.iGive.com/troy-bilt,1.6%,https://www.troybilt.com
True Religion,https://www.iGive.com/True-Religion,2.0%,https://www.truereligion.com
Trust & Will,https://www.iGive.com/trust-and-will,6.0%,https://trustwill.com
Tundra FMP,https://www.iGive.com/etundra,2.0%,https://www.tundrafmp.com
TunnelBear,https://www.iGive.com/tunnelbear,Special Rate,https://www.tunnelbear.com
TVC-Mall.com,https://www.iGive.com/tvc-mall,3.4%,https://www.tvcmall.com
Twillory,https://www.iGive.com/twillory,1.6%,https://twillory.com
U Beauty,https://www.iGive.com/theubeauty,2.0%,https://ubeauty.com
U.S. Polo Assn.,https://www.iGive.com/uspolo,1.6%,https://www.uspolo.com
UGears,https://www.iGive.com/ugear,2.8%,Manual Check Required
UGG,https://www.iGive.com/ugg,0.8%,Manual Check Required
UnbeatableSale,https://www.iGive.com/unbeatable-sale,4.8%,https://www.unbeatablesale.com
UNIONBAY,https://www.iGive.com/unionbay,2.0%,https://www.unionbay.com
Unique Wellness,https://www.iGive.com/unique-wellness,2.8%,https://www.uniquewellness.com
Unique-Vintage,https://www.iGive.com/unique-vintage,3.2%,https://www.unique-vintage.com
Universal Standard,https://www.iGive.com/universalstandard,1.6%,https://www.universalstandard.com
Uniworld,https://www.iGive.com/uniworld,2.0%,https://www.uniworld.com
Unstoppable Domains,https://www.iGive.com/get.unstoppabledomains,8.0%,https://unstoppabledomains.com
Urban Skin Rx,https://www.iGive.com/urbanskinrx,2.4%,https://urbanskinrx.com
UrbanStems,https://www.iGive.com/urbanstems,0.8%,https://urbanstems.com
USA TODAY Network,https://www.iGive.com/cm.usatodaynetwork,Special Rate,Manual Check Required
UsedPhotoPro,https://www.iGive.com/used-photo-pro,1.2%,https://usedphotopro.com
Utrecht Art Supplies,https://www.iGive.com/utrecht-art,1.2%,https://www.utrechtart.com
V4INK,https://www.iGive.com/v4ink,7.2%,https://www.v4ink.com
Vanity Planet,https://www.iGive.com/vanity-planet,2.0%,https://www.vanityplanet.com
Vans Shoes,https://www.iGive.com/vans,0.8%,Manual Check Required
VaporFi,https://www.iGive.com/vaporfi,4.0%,https://www.vaporfi.com
Vegamour,https://www.iGive.com/vegamour,2.0%,https://vegamour.com
Vegas.com,https://www.iGive.com/vegas,0.8%,https://www.vegas.com
Vera Bradley,https://www.iGive.com/outlet.verabradley,1.2%,https://verabradley.com
Verizon Wireless,https://www.iGive.com/Verizon-Wireless,4.0%,https://www.verizon.com
Veronica Beard,https://www.iGive.com/Veronica-Beard,1.2%,https://veronicabeard.com
Versed,https://www.iGive.com/versed,2.4%,https://www.versed.com
Veterans Advantage,https://www.iGive.com/veterans-advantage,Special Rate,https://www.wesalute.com
Vevor,https://www.iGive.com/vevor,1.2%,Manual Check Required
"Viator, a Tripadvisor Company",https://www.iGive.com/viator,1.6%,Manual Check Required
Vichy Canada,https://www.iGive.com/vich,2.4%,Manual Check Required
VIDA,https://www.iGive.com/shopvida,2.0%,https://shopvida.com
VINCE,https://www.iGive.com/vince,2.4%,https://www.vince.com
Vince Camuto,https://www.iGive.com/vince-camuto,3.6%,https://www.vincecamuto.com
Vineyard Vines,https://www.iGive.com/vineyard-vines,1.2%,https://www.vineyardvines.com
Vintage Havana,https://www.iGive.com/vintage-havana,4.0%,https://vintagehavana.com
Visible,https://www.iGive.com/visible,Special Rate,https://www.visible.com
Vistaprint,https://www.iGive.com/vistaprint,1.6%,https://www.vistaprint.com
Vistaprint Canada,https://www.iGive.com/vistaprin,1.6%,Manual Check Required
Vital Choice Wild Seafood & Organics,https://www.iGive.com/vital-choice,1.2%,https://www.vitalchoice.com
VitalSleep,https://www.iGive.com/vitalsleep,6.0%,https://www.vitalsleep.com
Vitamix,https://www.iGive.com/vitamix,2.0%,https://www.vitamix.com
Vive CBD,https://www.iGive.com/vive-cbd,9.2%,https://vivecbd.com
Vivid Seats,https://www.iGive.com/vivid-seats,1.6%,https://www.vividseats.com
VIVOSUN,https://www.iGive.com/vivosun,3.2%,https://www.vivosun.com
ViX Swimwear,https://www.iGive.com/vix-swimwear,0.8%,Manual Check Required
VoiPly,https://www.iGive.com/voiply,Special Rate,https://www.voiply.com
Volcanica Coffee,https://www.iGive.com/volcanica--coffee,2.0%,https://volcanicacoffee.com
Volcom,https://www.iGive.com/volcom,4.0%,https://www.volcom.com
Vrbo,https://www.iGive.com/vrbo,0.8%,Manual Check Required
Vrbo CA,https://www.iGive.com/Vrbo-Canada,0.8%,Manual Check Required
VSP,https://www.iGive.com/vsp,Special Rate,https://www.vsp.com
VSSL Outdoor Utility Tools,https://www.iGive.com/vssl-outdoor-utility-tools,2.0%,Manual Check Required
W concept,https://www.iGive.com/us.wconcept,3.2%,https://www.wconcept.com
Waders.com,https://www.iGive.com/waders,3.2%,https://waders.com
WagJag,https://www.iGive.com/wagjag,2.0%,Manual Check Required
Waldorf Astoria,https://www.iGive.com/waldorf-astoria,1.6%,Manual Check Required
Walgreens,https://www.iGive.com/walgreens,1.6%,https://www.walgreens.com
Walk-In Lab,https://www.iGive.com/walk-in-lab,2.0%,https://www.walkinlab.com
Walmart,https://www.iGive.com/walmart,Special Rate,https://www.walmart.com
Walmart Canada,https://www.iGive.com/walmar,0.4%,https://www.walmar.com
Wantable,https://www.iGive.com/wantable,Special Rate,Manual Check Required
Watch Station International,https://www.iGive.com/watch-station-international,0.4%,Manual Check Required
WaterFilters.net,https://www.iGive.com/water-filters,1.2%,https://waterfilters.com
Waterford Crystal,https://www.iGive.com/waterford,2.4%,https://www.waterford.com
Way.com (Parking),https://www.iGive.com/way,2.8%,https://www.way.com
We Craft Box,https://www.iGive.com/we-craft-box,4.0%,https://wecraftbox.com
Webroot Software,https://www.iGive.com/webroot,2.0%,https://www.webroot.com
Wedgwood,https://www.iGive.com/wedgwood,2.4%,https://www.wedgwood.com
WeightWatchers,https://www.iGive.com/signup.weightwatchers,Special Rate,https://www.weightwatchers.com
WeightWatchers.ca,https://www.iGive.com/weight-watchers-ca,Special Rate,https://www.weightwatchers.com
Welry,https://www.iGive.com/jewelry,2.0%,Manual Check Required
West49,https://www.iGive.com/west49,1.2%,https://west49.com
Wet n Wild Beauty,https://www.iGive.com/wetnwild,2.4%,https://www.wetnwild.com
Whatever Works,https://www.iGive.com/whatever-works,2.0%,https://www.whateverworks.com
White + Warren,https://www.iGive.com/white-warren,2.4%,Manual Check Required
White House | Black Market,https://www.iGive.com/white-house,1.6%,https://www.whitehouse.com
White Mountain Products,https://www.iGive.com/white-mountain-products,2.4%,https://www.whitemountainproducts.com
Wholesale Chess,https://www.iGive.com/wholesale-chess,2.4%,https://www.wholesalechess.com
Wicked Good Cupcakes,https://www.iGive.com/wicked-good-cupcakes,2.4%,https://www.wickedgoodcupcakes.com
Willmaker,https://www.iGive.com/willmaker,10.0%,https://www.willmaker.com
WillowTree,https://www.iGive.com/willowtree,2.0%,https://www.willowtree.com
Wilson Sporting Goods,https://www.iGive.com/wilson,1.6%,Manual Check Required
Wilsons Leather,https://www.iGive.com/wilsons-leather,2.8%,https://www.wilsonsleather.com
Winc,https://www.iGive.com/winc,4.0%,https://www.winc.com
Windsor,https://www.iGive.com/windsor,1.6%,Manual Check Required
Windy City Novelties,https://www.iGive.com/windy-city,3.2%,https://www.windycity.com
Wine Access,https://www.iGive.com/wine-access,0.8%,https://www.wineaccess.com
Wine Awesomeness,https://www.iGive.com/wine-awesomeness,3.2%,https://wineinsiders.com
Wine Enthusiast,https://www.iGive.com/Wine-Enthusiast,1.2%,Manual Check Required
Wine Insiders,https://www.iGive.com/wine-insiders,Special Rate,https://wineinsiders.com
Wine.com,https://www.iGive.com/wine,0.8%,https://www.wine.com
Winky Lux,https://www.iGive.com/winky-lux,3.2%,https://winkylux.com
Wish,https://www.iGive.com/wish,1.6%,https://www.wish.com
WishGarden Herbs,https://www.iGive.com/wishgarden,0.8%,https://wishgarden.com
WND&WVS,https://www.iGive.com/wnd-wvs,2.4%,Manual Check Required
Wolfermans,https://www.iGive.com/wolfermans,1.2%,https://www.wolfermans.com
Wolters Kluwer Legal & Regulatory US,https://www.iGive.com/wolters-kluwer,4.0%,https://www.wolterskluwer.com
Woodwind & Brasswind,https://www.iGive.com/woodwind-brasswind,2.0%,Manual Check Required
Wooflinen,https://www.iGive.com/wooflinen,5.2%,https://wooflinen.com
World Nutrition Inc.,https://www.iGive.com/world-nutrition,8.0%,Manual Check Required
World Wide Stereo,https://www.iGive.com/world-wide-stereo,1.2%,https://www.worldwidestereo.com
Wrangler,https://www.iGive.com/wrangler,0.8%,https://www.wrangler.com
Xfinity Mobile,https://www.iGive.com/xfinity,Special Rate,Manual Check Required
Xtrema,https://www.iGive.com/xtrema,2.0%,https://xtrema.com
Yaasa,https://www.iGive.com/yaasa,2.4%,https://yaasa.com
YOOX.COM,https://www.iGive.com/yoox,1.2%,https://www.yoox.com
YOSUDA,https://www.iGive.com/yosuda,2.0%,https://www.kessudaholistichealing.com
Young Explorers,https://www.iGive.com/young-explorers,2.0%,https://www.youngexplorers.com
YSL Beauty Canada,https://www.iGive.com/ysl-beauty-canada,1.6%,Manual Check Required
Yumi Kim,https://www.iGive.com/yumi-kim,1.6%,https://yumikim.com
ZAGG,https://www.iGive.com/zagg,2.4%,https://www.zagg.com
Zappos,https://www.iGive.com/zappos,0.8%,https://www.zappos.com
Zavvi,https://www.iGive.com/zavvi,0.4%,https://www.zavvi.com
ZOBHA,https://www.iGive.com/zobha,3.2%,https://www.zobha.com
Zoro,https://www.iGive.com/zoro,1.6%,Manual Check Required
Zotto Sleep,https://www.iGive.com/zotto,2.0%,https://zottosleep.com
