store_name,category,donation_rate,igive_url,actual_store_url
1 Stop Florists,"Food, Wine & Gifts",2.8%,https://www.iGive.com/1stopflorists,Manual Check Required
1-800 CONTACTS,"Health, Beauty & Personal Care",5.6%,https://www.iGive.com/1800contacts,Manual Check Required
1-800-Baskets.com,"Food, Wine & Gifts",2.4%,https://www.iGive.com/1800baskets,https://www.1800baskets.com
1-800-FLOWERS.COM,"Food, Wine & Gifts",2.0%,https://www.iGive.com/1-800-flowers,https://www.1800flowers.com
1-800-GOT-JUNK?,General Retail & Shopping,1.2%,https://www.iGive.com/1-800-Got-Junk,https://www.1800gotjunk.com
1-800-PetMeds,Pets & Animals,3.2%,https://www.iGive.com/1-800-petmeds,https://www.1800petmeds.com
123-reg,General Retail & Shopping,2.0%,https://www.iGive.com/123-reg,https://www.123-reg.co.uk
123inkjets,"Electronics, Software & Office",2.0%,https://www.iGive.com/123-inkjets,https://www.123inkjets.com
180 Nutrition,"Health, Beauty & Personal Care",2.8%,https://www.iGive.com/180nutrition,Manual Check Required
1Password,General Retail & Shopping,Special Rate,https://www.iGive.com/1password,https://1password.com
2Modern,General Retail & Shopping,2.0%,https://www.iGive.com/2modern,https://www.2modern.com
2nd & Charles,General Retail & Shopping,3.2%,https://www.iGive.com/2ndandcharles,https://www.2ndandcharles.com
2XU,General Retail & Shopping,3.2%,https://www.iGive.com/2xu,https://2xu.com
4 Wheel Drive,General Retail & Shopping,1.6%,https://www.iGive.com/4-wheel-drive,https://www.4wheeldrive.com
5 Star Nutrition,"Health, Beauty & Personal Care",4.0%,https://www.iGive.com/5starnutrition,https://5starnutrition.com
686,General Retail & Shopping,3.2%,https://www.iGive.com/686,https://www.686.com
7 For All Mankind,General Retail & Shopping,1.6%,https://www.iGive.com/7-for-all-mankind,https://7forallmankind.com
A Pea in the Pod,General Retail & Shopping,0.8%,https://www.iGive.com/apeainthepod,https://apeainthepod.com
A Pup Above,Pets & Animals,2.8%,https://www.iGive.com/apupabove,https://apupabove.com
AAA - Auto Club,"Travel, Hotels & Vehicles",4.0%,https://www.iGive.com/mwg.aaa,https://www.mwgaaa.com
ABBYY,General Retail & Shopping,12.0%,https://www.iGive.com/abbyy,https://www.abbyy.com
ABCmouse.com,General Retail & Shopping,Special Rate,https://www.iGive.com/ABC-mouse,https://www.abcmouse.com
AbeBooks.co.uk,"Toys, Crafts, Books & Music",2.0%,https://www.iGive.com/abebooks-uk,Manual Check Required
AbeBooks.com,"Toys, Crafts, Books & Music",0.8%,https://www.iGive.com/abebooks,https://www.abebooks.com
Abt Electronics,"Electronics, Software & Office",0.4%,https://www.iGive.com/abt,Manual Check Required
Academy Sports & Outdoors,"Sports, Outdoors & Fitness",0.8%,https://www.iGive.com/academy,Manual Check Required
Ace Hardware,"Electronics, Software & Office",1.6%,https://www.iGive.com/ace,https://www.ace.com
Adagio Teas,"Food, Wine & Gifts",2.0%,https://www.iGive.com/adagio,https://www.adagio.com
Adam & Eve,General Retail & Shopping,2.0%,https://www.iGive.com/adam-and-eve,https://www.adameve.com
AdGem,General Retail & Shopping,Special Rate,https://www.iGive.com/adgem,https://adgem.com
Adorama,General Retail & Shopping,0.8%,https://www.iGive.com/adorama,Manual Check Required
Adore Me,General Retail & Shopping,4.0%,https://www.iGive.com/adore-me,https://www.adoreme.com
Adrianna Papell,General Retail & Shopping,1.2%,https://www.iGive.com/adrianna-papell,https://www.adriannapapell.com
Advance Auto Parts,"Travel, Hotels & Vehicles",1.6%,https://www.iGive.com/Advance-Auto-Parts,Manual Check Required
Adventure Academy,General Retail & Shopping,Special Rate,https://www.iGive.com/adventure-academy,https://www.adventureacademy.com
Aerie,General Retail & Shopping,0.4%,https://www.iGive.com/ae,Manual Check Required
Aeroflow Healthcare,"Health, Beauty & Personal Care",3.2%,https://www.iGive.com/aeroflow,https://www.aeroflow.com
Aeropostale,General Retail & Shopping,1.6%,https://www.iGive.com/aeropostale,Manual Check Required
AG Jeans Outlet,"Apparel, Shoes & Fashion",3.2%,https://www.iGive.com/AG-Jeans-Outlet,https://www.agjeansoutlet.com
Agoda,General Retail & Shopping,2.4%,https://www.iGive.com/agoda,https://www.agoda.com
AHAVA,General Retail & Shopping,1.2%,https://www.iGive.com/ahava,https://www.ahava.com
Air Filters Delivered,General Retail & Shopping,0.4%,https://www.iGive.com/air-filters-delivered,https://www.airfiltersdelivered.com
Airport Parking,General Retail & Shopping,8.0%,https://www.iGive.com/airport-parking,https://airportparking.com
Airport Parking Reservations,General Retail & Shopping,Special Rate,https://www.iGive.com/airport-parking-reservations,https://airportparkingreservations.com
Airvape,General Retail & Shopping,6.0%,https://www.iGive.com/airvape,https://airvapeusa.com
AJ Madison,General Retail & Shopping,1.2%,https://www.iGive.com/ajmadison,Manual Check Required
Alala,General Retail & Shopping,2.8%,https://www.iGive.com/alala,https://www.alala.com
Alamo Rent a Car,"Travel, Hotels & Vehicles",1.6%,https://www.iGive.com/alamo,Manual Check Required
ALDO,General Retail & Shopping,2.4%,https://www.iGive.com/aldo,Manual Check Required
Alen Purifies,General Retail & Shopping,0.8%,https://www.iGive.com/alen-corp,https://alen.com
Alex and Ani,General Retail & Shopping,3.2%,https://www.iGive.com/alex-and-ani,https://www.alexandani.com
Alibaba,General Retail & Shopping,1.6%,https://www.iGive.com/alibaba,https://www.alibaba.com
Alibris,General Retail & Shopping,2.0%,https://www.iGive.com/alibris,https://www.alibris.com
Alibris UK,General Retail & Shopping,2.0%,https://www.iGive.com/alibris-uk,https://www.alibris.com
AliExpress,General Retail & Shopping,0.6%,https://www.iGive.com/aliexpres,https://www.aliexpress.com
ALL - Accor Live Limitless,"Travel, Hotels & Vehicles",0.8%,https://www.iGive.com/accor-hotels,https://all.accor.com
ALLDATAdiy,General Retail & Shopping,10.0%,https://www.iGive.com/all-data-diy,Manual Check Required
Allen Edmonds Men's Shoe Store,General Retail & Shopping,1.6%,https://www.iGive.com/allen-edmonds,https://www.allenedmonds.com
AllPosters.com,General Retail & Shopping,2.0%,https://www.iGive.com/allposters,https://www.allposters.com
Allsole,General Retail & Shopping,2.4%,https://www.iGive.com/allsole,Manual Check Required
Allurez,General Retail & Shopping,3.2%,https://www.iGive.com/allurez,https://www.allurez.com
Alpha Omega Publications,Pets & Animals,2.4%,https://www.iGive.com/alpha-omega-publications,https://aop.com:443
Alphamarts,"Toys, Crafts, Books & Music",2.8%,https://www.iGive.com/alphamarts,https://www.alphamarts.com
AlternaScript,General Retail & Shopping,Special Rate,https://www.iGive.com/alternascript,https://getoptimind.com
Amanda Lindroth,General Retail & Shopping,4.0%,https://www.iGive.com/amanda-lindroth,https://amandalindroth.com
Amanda Wakeley,General Retail & Shopping,2.4%,https://www.iGive.com/amandawakeley,https://www.amandawakeley.com
Amazfit,General Retail & Shopping,1.6%,https://www.iGive.com/amazfit,https://www.amazfit.com
Amazing Clubs,General Retail & Shopping,1.2%,https://www.iGive.com/amazing-clubs,https://www.amazingclubs.com
American Blinds,"Home, Garden & Appliances",0.8%,https://www.iGive.com/american-blinds,https://www.american-blinds.com
American Family Safety,General Retail & Shopping,6.0%,https://www.iGive.com/american-family,https://www.amfam.com
AMIclubwear,"Apparel, Shoes & Fashion",2.4%,https://www.iGive.com/amiclubwear,https://amiclubwear.com
Amore Beds,"Home, Garden & Appliances",0.8%,https://www.iGive.com/amorebeds,https://www.amorebeds.com
AMOREPACIFIC,General Retail & Shopping,1.2%,https://www.iGive.com/amore-pacific,https://us.amorepacific.com
Amrita Aromatherapy,General Retail & Shopping,4.0%,https://www.iGive.com/amrita,https://www.amrita.com
Amscope,General Retail & Shopping,1.6%,https://www.iGive.com/amscope,https://amscope.com
Anantara Resorts,"Travel, Hotels & Vehicles",2.0%,https://www.iGive.com/anantara,https://www.anantara.com
Ancestry.com,General Retail & Shopping,3.2%,https://www.iGive.com/ancestry,https://www.ancestry.com
AnchorFree Hotspot Shield Elite VPN,"Electronics, Software & Office",4.0%,https://www.iGive.com/AnchorFree-Hotspot-Shield-Elite-VPN,Manual Check Required
Anjay's Designs,General Retail & Shopping,1.6%,https://www.iGive.com/anjays-designs,https://www.anjaysdesigns.com
Anker,General Retail & Shopping,3.2%,https://www.iGive.com/anker,https://www.anker.com
Aquasana,General Retail & Shopping,4.0%,https://www.iGive.com/aquasana,https://www.aquasana.com
AreYouGame.com,"Toys, Crafts, Books & Music",2.8%,https://www.iGive.com/are-you-game,https://areyougame.com
Arteza,"Toys, Crafts, Books & Music",2.0%,https://www.iGive.com/arteza,https://plaidonline.com
ArtistWorks,"Toys, Crafts, Books & Music",4.0%,https://www.iGive.com/artist-works,https://artistworks.com:443
Ascend Hotels,"Travel, Hotels & Vehicles",0.8%,https://www.iGive.com/choicehotels,Manual Check Required
Ashley Furniture HomeStore,"Home, Garden & Appliances",0.4%,https://www.iGive.com/ashley-furniture,Manual Check Required
ASICS,General Retail & Shopping,1.2%,https://www.iGive.com/asics,Manual Check Required
Assouline,General Retail & Shopping,0.4%,https://www.iGive.com/assouline,https://www.assouline.com
Astound,General Retail & Shopping,Special Rate,https://www.iGive.com/residential.wavebroadband,https://www.astound.com
At Your Pace Online,General Retail & Shopping,6.0%,https://www.iGive.com/at-your-pace,https://at-your-pace.com
AT&T Internet Service Providers,General Retail & Shopping,Special Rate,https://www.iGive.com/att,https://www.att.com
Athleta,"Apparel, Shoes & Fashion",1.6%,https://www.iGive.com/athleta,https://athleta.gap.com
Athleta Canada,"Apparel, Shoes & Fashion",1.6%,https://www.iGive.com/athleta-ca,https://gcd.com
AutoNation Repair Service,"Electronics, Software & Office",Special Rate,https://www.iGive.com/repairsmith,https://www.autonationmobileservice.com
Avanse Nutraceuticals,General Retail & Shopping,8.0%,https://www.iGive.com/avanse,https://www.avanse.com
Aveda,General Retail & Shopping,0.4%,https://www.iGive.com/aveda,Manual Check Required
AVG Technologies,"Electronics, Software & Office",12.0%,https://www.iGive.com/avg,https://www.avg.com
Avon,General Retail & Shopping,0.4%,https://www.iGive.com/avon,Manual Check Required
Avoya Travel,"Travel, Hotels & Vehicles",1.2%,https://www.iGive.com/avoya,https://www.avoyatravel.com
Baby Quasar,"Health, Beauty & Personal Care",2.0%,https://www.iGive.com/babyquasar,https://quasarmd.com
Back in the Saddle,General Retail & Shopping,2.0%,https://www.iGive.com/back-in-the-saddle,https://www.backinthesaddle.com
Backcountry.com,General Retail & Shopping,1.6%,https://www.iGive.com/backcountry,Manual Check Required
BagAmour Box,General Retail & Shopping,6.0%,https://www.iGive.com/bagamour,Manual Check Required
Baggallini,General Retail & Shopping,0.4%,https://www.iGive.com/Baggalini,https://www.baggallini.com
Bahia Principe Hotels & Resorts,"Travel, Hotels & Vehicles",2.0%,https://www.iGive.com/bahia-principe,https://www.bahia-principe.com
Bake Me a Wish,General Retail & Shopping,4.0%,https://www.iGive.com/bake-me-a-wish,https://www.bakemeawish.com
Baked by Melissa,General Retail & Shopping,2.4%,https://www.iGive.com/baked-by-melissa,https://www.bakedbymelissa.com
Balance of Nature,General Retail & Shopping,1.6%,https://www.iGive.com/balance-of-nature,https://balanceofnature.com
BALI,General Retail & Shopping,0.4%,https://www.iGive.com/bali,https://bali.com
Banana Republic,"Apparel, Shoes & Fashion",1.6%,https://www.iGive.com/banana-republic,https://bananarepublic.gap.com
Banana Republic Canada,"Apparel, Shoes & Fashion",1.6%,https://www.iGive.com/banana-republic-canada,Manual Check Required
Banana Republic Factory,"Apparel, Shoes & Fashion",1.6%,https://www.iGive.com/banana-republic-factory,https://bananarepublicfactory.gapfactory.com
Banggood,General Retail & Shopping,2.4%,https://www.iGive.com/banggood,https://www.banggood.com
BannerBuzz,General Retail & Shopping,4.0%,https://www.iGive.com/bannerbuzz,https://www.bannerbuzz.com
BannerBuzz Canada,General Retail & Shopping,4.0%,https://www.iGive.com/bannerbuz,Manual Check Required
Barcelo Hotels & Resorts,"Travel, Hotels & Vehicles",2.4%,https://www.iGive.com/barcelo,https://www.barcelo.com
Bare Necessities,General Retail & Shopping,1.2%,https://www.iGive.com/bare-necessities,https://www.barenecessities.com
BarkBox,Pets & Animals,Special Rate,https://www.iGive.com/bark-box,https://bark.co
BaseballMonkey,General Retail & Shopping,0.8%,https://www.iGive.com/baseballmonkey,https://www.baseballmonkey.com
Basepaws,Pets & Animals,4.0%,https://www.iGive.com/basepaws,https://basepaws.com
Bass Pro Shops,General Retail & Shopping,2.4%,https://www.iGive.com/bass-pro-shops,Manual Check Required
Bates Footwear,"Apparel, Shoes & Fashion",2.8%,https://www.iGive.com/bates,https://www.wolverine.com
Be Live Hotels,"Travel, Hotels & Vehicles",1.8%,https://www.iGive.com/be-live-hotels,https://www.belivehotels.com
bealls (formerly Burkes Outlet),General Retail & Shopping,2.0%,https://www.iGive.com/bealls,https://www.bealls.com
Beats by Dre,General Retail & Shopping,0.8%,https://www.iGive.com/beats-by-dre,https://www.beatsbydre.com
Beauty Encounter,"Health, Beauty & Personal Care",2.4%,https://www.iGive.com/beauty-encounter,https://beautyencounter.com
Beauty Plus Salon,"Health, Beauty & Personal Care",2.8%,https://www.iGive.com/beauty-plus-salon,https://www.beautyplussalon.com
bebe,General Retail & Shopping,1.2%,https://www.iGive.com/bebe,https://www.bebe.com
Because Market,General Retail & Shopping,6.0%,https://www.iGive.com/Because-Market,https://becausemarket.com
Bed Bath & Beyond,"Health, Beauty & Personal Care",0.8%,https://www.iGive.com/bedbathandbeyond,https://www.bedbathandbeyond.com
Beddingstyle.com,"Apparel, Shoes & Fashion",3.2%,https://www.iGive.com/bedding-style,https://www.revman.com
Beer Drop,General Retail & Shopping,2.0%,https://www.iGive.com/beer-drop,Manual Check Required
Beldt Labs,General Retail & Shopping,14.0%,https://www.iGive.com/beldt,https://www.beldtlabs.com
Belkin,General Retail & Shopping,2.4%,https://www.iGive.com/belkin,https://www.belkin.com
BELLA+CANVAS,General Retail & Shopping,4.0%,https://www.iGive.com/bella-canvas,https://www.bellacanvas.com
Bellesa Boutique,"Apparel, Shoes & Fashion",2.0%,https://www.iGive.com/bboutiqu,https://www.bboutiqu.com
BelleZeke,General Retail & Shopping,0.8%,https://www.iGive.com/belle-zeke,Manual Check Required
Belly Sleep,General Retail & Shopping,2.4%,https://www.iGive.com/belly-sleep,https://bellysleep.com
Benefit Cosmetics,"Health, Beauty & Personal Care",1.6%,https://www.iGive.com/benefit-cosmetics,https://www.benefit-cosmetics.com
Bergdorf Goodman,General Retail & Shopping,1.2%,https://www.iGive.com/bergdorf-goodman,Manual Check Required
Best Bully Sticks,General Retail & Shopping,1.2%,https://www.iGive.com/bestbullysticks,https://www.bestbullysticks.com
Best Cigar Prices,General Retail & Shopping,1.6%,https://www.iGive.com/best-cigar-prices,https://www.bestcigarprices.com
Best Western,General Retail & Shopping,1.2%,https://www.iGive.com/bestwestern,Manual Check Required
BestBuy.com,General Retail & Shopping,0.2%,https://www.iGive.com/best-buy,Manual Check Required
Betsey Johnson,General Retail & Shopping,1.2%,https://www.iGive.com/betsey-johnson,https://betseyjohnson.com
Better Braces,"Apparel, Shoes & Fashion",1.6%,https://www.iGive.com/betterbraces,https://www.donjoystore.com
Beyond Polish,General Retail & Shopping,0.8%,https://www.iGive.com/beyondpolish,https://www.beyondpolish.com
BFR Bands Store,General Retail & Shopping,4.0%,https://www.iGive.com/BFR-Bands,Manual Check Required
Big Island Coffee Roasters,"Food, Wine & Gifts",0.4%,https://www.iGive.com/Big-Island,https://www.big-island.com
Bijoux Indiscrets,General Retail & Shopping,4.0%,https://www.iGive.com/bijoux,https://www.bijoux.com
Binxy Baby,General Retail & Shopping,2.8%,https://www.iGive.com/binxy-baby,https://binxybaby.com
Bionaire,General Retail & Shopping,2.4%,https://www.iGive.com/bionaire,https://www.bionaire.com
Biotherm,General Retail & Shopping,2.4%,https://www.iGive.com/biotherm,https://www.biotherm.com
Biotherm Canada,General Retail & Shopping,2.4%,https://www.iGive.com/biother,https://www.biother.com
Birthday in a Box,General Retail & Shopping,1.2%,https://www.iGive.com/birthday-in-a-box,Manual Check Required
Bissell,General Retail & Shopping,2.0%,https://www.iGive.com/bissell,https://www.bissell.com
BizChair,"Health, Beauty & Personal Care",1.2%,https://www.iGive.com/biz-chair,https://www.bizchair.com
Black Halo,General Retail & Shopping,3.2%,https://www.iGive.com/black-halo,https://www.blackhalo.com
Blick Art Materials,"Toys, Crafts, Books & Music",1.2%,https://www.iGive.com/blick-art-materials,Manual Check Required
Blinds.ca,"Home, Garden & Appliances",0.8%,https://www.iGive.com/blind,Manual Check Required
Blinds.com,"Home, Garden & Appliances",0.8%,https://www.iGive.com/blinds,Manual Check Required
Blindsaver,"Home, Garden & Appliances",1.2%,https://www.iGive.com/blind-saver,Manual Check Required
Bliss,"Health, Beauty & Personal Care",1.2%,https://www.iGive.com/bliss,https://www.lens.com
Bloch Dance,General Retail & Shopping,2.0%,https://www.iGive.com/bloch-dance,Manual Check Required
Bloomingdale's,General Retail & Shopping,0.8%,https://www.iGive.com/bloomingdales,Manual Check Required
Blue Apron,General Retail & Shopping,6.0%,https://www.iGive.com/blue-apron,https://www.blueapron.com
Blue Sky,General Retail & Shopping,1.6%,https://www.iGive.com/blue-sky,https://www.bluesky.com
Blue Sky CBD,"Health, Beauty & Personal Care",6.0%,https://www.iGive.com/blue-sky-cbd,Manual Check Required
Blue Sky Vitamin,"Health, Beauty & Personal Care",1.2%,https://www.iGive.com/blueskyvitamin,https://blueskyvitamin.com
Bluebird Botanicals,General Retail & Shopping,2.4%,https://www.iGive.com/bluebird-botanicals,https://bluebirdbotanicals.com
Bluenotes,General Retail & Shopping,2.0%,https://www.iGive.com/blnts,https://blnts.com
Bluetti,General Retail & Shopping,2.0%,https://www.iGive.com/bluetti,https://www.bluetti.com
Bobbi Brown Cosmetics,"Health, Beauty & Personal Care",3.2%,https://www.iGive.com/bobbi-brown,Manual Check Required
BODi (formerly Beachbody),General Retail & Shopping,1.6%,https://www.iGive.com/beach-body,https://www.bodi.com
Bodum,General Retail & Shopping,4.0%,https://www.iGive.com/bodum,https://www.bodum.com
BodyGuardz,General Retail & Shopping,1.0%,https://www.iGive.com/bodyguardz,https://www.bodyguardz.com
Bogs Footwear,"Apparel, Shoes & Fashion",2.0%,https://www.iGive.com/bogs-footwear,https://www.bogsfootwear.com
Bombinate,General Retail & Shopping,2.8%,https://www.iGive.com/bombinate,Manual Check Required
Bonafide,General Retail & Shopping,4.0%,https://www.iGive.com/bonafide,https://wellsky.com
Bonobos,General Retail & Shopping,1.2%,https://www.iGive.com/bonobos,Manual Check Required
boohoo,General Retail & Shopping,1.2%,https://www.iGive.com/boohoo,Manual Check Required
Book Like a Boss,"Toys, Crafts, Books & Music",14.0%,https://www.iGive.com/book-like-a-boss,https://www.blab.co
Booking.com,"Travel, Hotels & Vehicles",1.6%,https://www.iGive.com/booking,https://www.booking.com
Booksamillion.com,"Toys, Crafts, Books & Music",1.2%,https://www.iGive.com/books-a-million,https://www.booksamillion.com
BoomStreet,General Retail & Shopping,6.4%,https://www.iGive.com/boom-street,https://www.atom.com
Boscov's,General Retail & Shopping,1.6%,https://www.iGive.com/boscovs,https://www.boscovs.com
Boston College University Book Store,"Toys, Crafts, Books & Music",0.4%,https://www.iGive.com/bkstr,Manual Check Required
Boston Proper,General Retail & Shopping,0.4%,https://www.iGive.com/boston-proper,https://www.bostonproper.com
Botanic Choice Herbs & Vitamins,"Health, Beauty & Personal Care",3.2%,https://www.iGive.com/botanic-choice,https://www.botanicchoice.com
BoxLunch,General Retail & Shopping,0.4%,https://www.iGive.com/box-lunch,https://www.boxlunch.com
Brain Sensei,"Apparel, Shoes & Fashion",8.0%,https://www.iGive.com/brain-sensei,https://brainsensei.com
BrainMD Health,"Apparel, Shoes & Fashion",6.0%,https://www.iGive.com/brainmd,https://brainmd.com
Bright Local,General Retail & Shopping,6.0%,https://www.iGive.com/brightlocal,https://www.brightlocal.com
Brooks Brothers,General Retail & Shopping,0.8%,https://www.iGive.com/brooks-brothers,Manual Check Required
Brother Canada,General Retail & Shopping,1.6%,https://www.iGive.com/brothe,https://www.brothe.com
Buffalo Jackson,General Retail & Shopping,3.2%,https://www.iGive.com/buffalo-jackson,https://buffalojackson.com
BuffaloJeans.com,"Apparel, Shoes & Fashion",1.6%,https://www.iGive.com/buffalo-jeans,https://www.buffalojeans.com
Bullstrap,General Retail & Shopping,4.0%,https://www.iGive.com/bullstra,https://bullstrap.com
Bumble and Bumble,General Retail & Shopping,2.4%,https://www.iGive.com/bumble-and-bumble,Manual Check Required
Burpee Gardening,"Home, Garden & Appliances",2.0%,https://www.iGive.com/burpee,Manual Check Required
BuyWake.com,General Retail & Shopping,3.6%,https://www.iGive.com/buywake,https://buywake.com
Cabela's,General Retail & Shopping,0.4%,https://www.iGive.com/cabelas,Manual Check Required
Caesars Entertainment Atlantic City,General Retail & Shopping,1.2%,https://www.iGive.com/caesars,https://www.caesars.com
Cafe Britt Gourmet Coffee,"Food, Wine & Gifts",3.2%,https://www.iGive.com/cafe-britt,https://www.cafebritt.com
Caire Beauty,"Health, Beauty & Personal Care",4.8%,https://www.iGive.com/caire-beauty,https://www.cairebeauty.com
Calendars.com,General Retail & Shopping,4.0%,https://www.iGive.com/calendars,https://www.calendars.com
Callaway Golf,"Sports, Outdoors & Fitness",3.6%,https://www.iGive.com/callaway-golf,https://www.callawaygolf.com
Callaway Golf Pre Owned,"Sports, Outdoors & Fitness",2.4%,https://www.iGive.com/callaway-golf-pre-owned,https://www.callawaygolfpreowned.com
Calm by Wellness,"Health, Beauty & Personal Care",6.0%,https://www.iGive.com/calm-by-wellness,https://www.calmbywellness.com
Calvin Klein,General Retail & Shopping,0.8%,https://www.iGive.com/calvin-klein,Manual Check Required
Cambria Hotels & Suites,"Travel, Hotels & Vehicles",0.8%,https://www.iGive.com/cambria,https://www.cambria.com
Cameron's Seafood,"Food, Wine & Gifts",0.8%,https://www.iGive.com/camerons-seafood,https://www.cameronsseafood.com
Cami NYC,General Retail & Shopping,1.2%,https://www.iGive.com/cami-nyc,https://www.caminyc.com
Camp Chef,General Retail & Shopping,2.0%,https://www.iGive.com/camp-chef,https://www.campchef.com
Camping World,"Sports, Outdoors & Fitness",0.8%,https://www.iGive.com/camping-world,https://www.campingworld.com
CAMPMOR,General Retail & Shopping,1.0%,https://www.iGive.com/campmor,https://www.campmor.com
Canadian Down & Feather Company,General Retail & Shopping,0.4%,https://www.iGive.com/canadian-down,Manual Check Required
Candlewood Suites,General Retail & Shopping,1.6%,https://www.iGive.com/candlewood-suites,Manual Check Required
Canon eStore,General Retail & Shopping,1.0%,https://www.iGive.com/canon,https://global.canon
Canon Shop Canada,General Retail & Shopping,1.2%,https://www.iGive.com/canon-estore-canada,Manual Check Required
Canvas HQ,General Retail & Shopping,4.0%,https://www.iGive.com/canvas-hq,Manual Check Required
Canvas On Demand,General Retail & Shopping,3.2%,https://www.iGive.com/canvas-on-demand,https://www.canvasondemand.com
Canvas Press,General Retail & Shopping,2.8%,https://www.iGive.com/canvas-press,Manual Check Required
Canvaspeople,General Retail & Shopping,3.2%,https://www.iGive.com/canvas-people,https://www.canvaspeople.com
CanvasWorld,General Retail & Shopping,4.0%,https://www.iGive.com/canvasworld,https://www.canvasworld.com
Capitol Lighting,"Home, Garden & Appliances",1.6%,https://www.iGive.com/1800lighting,Manual Check Required
Cardboard Cutout Standees,"Travel, Hotels & Vehicles",1.2%,https://www.iGive.com/cardboard-cutout,https://www.cardboardcutoutstandees.com
CardCash,"Travel, Hotels & Vehicles",0.8%,https://www.iGive.com/card-cash,https://www.cardcash.com
Carhartt,"Travel, Hotels & Vehicles",0.4%,https://www.iGive.com/carhartt,Manual Check Required
Carl's Golfland,"Travel, Hotels & Vehicles",1.6%,https://www.iGive.com/carls-golfland,https://www.carlsgolfland.com
Carmel Car & Limo,"Travel, Hotels & Vehicles",3.0%,https://www.iGive.com/carmel-car,Manual Check Required
Carmen Sol,"Travel, Hotels & Vehicles",2.0%,https://www.iGive.com/carmen-sol,https://carmensol.com
Carol's Daughter,"Travel, Hotels & Vehicles",3.2%,https://www.iGive.com/carols-daughter,https://carolsdaughter.com
Carolina,"Travel, Hotels & Vehicles",1.6%,https://www.iGive.com/Carolina,https://www.carolina.com
Carter's,"Travel, Hotels & Vehicles",0.8%,https://www.iGive.com/carters,Manual Check Required
Casetify,General Retail & Shopping,2.0%,https://www.iGive.com/casetify,https://www.casetify.com
Cashmere Boutique,"Apparel, Shoes & Fashion",2.8%,https://www.iGive.com/cashmere-boutique,https://www.cashmere-boutique.com
Cat Footwear,Pets & Animals,2.8%,https://www.iGive.com/cat-footwear,https://www.catfootwear.com
Cats Play,Pets & Animals,2.4%,https://www.iGive.com/cats-play,https://www.catsplay.com
Caudalie,General Retail & Shopping,0.8%,https://www.iGive.com/caudalie,https://www.caudalie.com
Caudalie CA,General Retail & Shopping,1.6%,https://www.iGive.com/ca-en.caudalie,https://www.caudalie.com
CBDistillery,"Health, Beauty & Personal Care",8.0%,https://www.iGive.com/cbdistillery,Manual Check Required
Certified Piedmontese,General Retail & Shopping,6.0%,https://www.iGive.com/piedmontese,https://www.piedmontese.com
Chacos,General Retail & Shopping,3.2%,https://www.iGive.com/chaco,https://www.chacos.com
Chadwicks of Boston,General Retail & Shopping,2.0%,https://www.iGive.com/chadwicks,https://www.chadwicks.com
Champion,General Retail & Shopping,3.2%,https://www.iGive.com/champion,https://www.champion.com
Chantelle Lingerie,"Apparel, Shoes & Fashion",3.2%,https://www.iGive.com/chantelle,https://chantelle.com
Char-Broil,General Retail & Shopping,0.4%,https://www.iGive.com/char-broil,https://www.charbroil.com
Charles Tyrwhitt,General Retail & Shopping,0.8%,https://www.iGive.com/charles-tyrwhitt,https://www.charlestyrwhitt.com
Charlotte Russe,General Retail & Shopping,0.8%,https://www.iGive.com/charlotterusse,https://charlotterusse.com
cheapOair,General Retail & Shopping,Special Rate,https://www.iGive.com/cheapoair,Manual Check Required
cheapOair Canada,General Retail & Shopping,Special Rate,https://www.iGive.com/cheapoai,Manual Check Required
CheapTickets,"Travel, Hotels & Vehicles",0.4%,https://www.iGive.com/cheap-tickets,https://www.cheap-tickets.com
Checks In The Mail,General Retail & Shopping,6.4%,https://www.iGive.com/checks-in-the-mail,https://secure.checksinthemail.com
CheckWorks,General Retail & Shopping,10.0%,https://www.iGive.com/check-works,https://checkworks.com:443
Cheesecake,General Retail & Shopping,2.0%,https://www.iGive.com/cheesecake,https://www.cheesecake.com
Cheryl's,General Retail & Shopping,2.4%,https://www.iGive.com/cheryls,https://www.cheryls.com
Chesapeake Bay Crab Cakes & More,General Retail & Shopping,1.6%,https://www.iGive.com/cbcrabcakes,https://www.cbcrabcakes.com
Chess Bazaar,General Retail & Shopping,2.0%,https://www.iGive.com/chess-bazaar,https://chessbazaar.com
Chewy,Pets & Animals,0.4%,https://www.iGive.com/chewy,Manual Check Required
Chewy Canada,Pets & Animals,3.2%,https://www.iGive.com/https://chewy.co,Manual Check Required
Chicago Steak Company,"Food, Wine & Gifts",3.2%,https://www.iGive.com/chicago-steak-company,Manual Check Required
Chico's,General Retail & Shopping,1.6%,https://www.iGive.com/chicos,https://www.chicos.com
Chippin,General Retail & Shopping,8.0%,https://www.iGive.com/chippin,Manual Check Required
Chrome Battery,"Electronics, Software & Office",4.0%,https://www.iGive.com/chrome-battery,https://chromebattery.com
Chupi,General Retail & Shopping,4.0%,https://www.iGive.com/chupi,https://www.chupi.com
Circus Circus Reno,General Retail & Shopping,2.0%,https://www.iGive.com/Circus-circus,https://www.circuscircus.com
CitizenM,General Retail & Shopping,2.4%,https://www.iGive.com/citizen-m,https://www.marriott.com
Clark's Botanicals,"Health, Beauty & Personal Care",10.8%,https://www.iGive.com/clarks-botanicals,https://clarksbotanicals.com
Clarks,General Retail & Shopping,1.6%,https://www.iGive.com/clarks,https://www.clarks.com
Clinique Online,General Retail & Shopping,1.6%,https://www.iGive.com/clinique,Manual Check Required
COACH,General Retail & Shopping,0.8%,https://www.iGive.com/coach,Manual Check Required
CocoaVia,General Retail & Shopping,3.2%,https://www.iGive.com/cocoavia,https://www.cocoavia.com
Cocoon by Sealy,General Retail & Shopping,2.8%,https://www.iGive.com/Cocoon-by-Sealy,https://www.cocoonbysealy.com
Coffee.org,"Food, Wine & Gifts",2.4%,https://www.iGive.com/coffee,https://coffee.org
Cole Haan,General Retail & Shopping,0.8%,https://www.iGive.com/colehaan,https://www.colehaan.com
Colorful Images,General Retail & Shopping,1.2%,https://www.iGive.com/colorful-images,https://www.colorfulimages.com
Columbia Sportswear,"Apparel, Shoes & Fashion",2.0%,https://www.iGive.com/columbia,https://www.columbia.com
Concealment Express,"Sports, Outdoors & Fitness",3.0%,https://www.iGive.com/concealment-express,https://www.roundedgear.com
Conn's HomePlus,"Home, Garden & Appliances",1.6%,https://www.iGive.com/conns,Manual Check Required
Conrad,"Travel, Hotels & Vehicles",0.4%,https://www.iGive.com/conrad-hotels,https://www.conrad.com
Contiki,General Retail & Shopping,2.0%,https://www.iGive.com/contiki,https://www.contiki.com
Contorno Belts,General Retail & Shopping,12.0%,https://www.iGive.com/contorno-belts,Manual Check Required
Cookies by Design,General Retail & Shopping,2.0%,https://www.iGive.com/cookies-by-design,https://www.cookiesbydesign.com
Cooper's Cask Coffee,"Food, Wine & Gifts",4.0%,https://www.iGive.com/coopers-cask-coffee,https://www.cooperscoffeeco.com
Corel Software,"Electronics, Software & Office",4.0%,https://www.iGive.com/corel-software,Manual Check Required
Cos Bar,General Retail & Shopping,0.8%,https://www.iGive.com/cos-bar,https://cosbar.com
COSMEDIX,General Retail & Shopping,3.2%,https://www.iGive.com/cosmedix,https://www.cosmedix.com
Cotopaxi,General Retail & Shopping,2.4%,https://www.iGive.com/cotopaxi,https://www.cotopaxi.com
Country Inns & Suites By Radisson,General Retail & Shopping,2.4%,https://www.iGive.com/country-inns,Manual Check Required
Country Store Catalog,Pets & Animals,2.0%,https://www.iGive.com/countrystorecatalog,https://www.countrystorecatalog.com
Covers and All,General Retail & Shopping,0.4%,https://www.iGive.com/covers-and-all,https://www.coversandall.com
Cricut,General Retail & Shopping,1.6%,https://www.iGive.com/cricut,https://cricut.com
Crocs Canada,General Retail & Shopping,3.2%,https://www.iGive.com/croc,Manual Check Required
Crocs.com,General Retail & Shopping,1.6%,https://www.iGive.com/crocs,Manual Check Required
Crowne Plaza,General Retail & Shopping,1.6%,https://www.iGive.com/crowne-plaza,Manual Check Required
CruiseDirect,"Travel, Hotels & Vehicles",1.2%,https://www.iGive.com/cruise-direct,https://www.cruisedirect.com
Crutchfield.com,General Retail & Shopping,2.2%,https://www.iGive.com/crutchfield,https://www.crutchfield.com
Crystal Plus,General Retail & Shopping,3.2%,https://www.iGive.com/crystal-plus,https://www.crystalplus.com
Cub Cadet,"Home, Garden & Appliances",1.6%,https://www.iGive.com/cub-cadet,https://www.cubcadet.com
Cupshe,General Retail & Shopping,0.8%,https://www.iGive.com/cupshe,https://www.cupshe.com
Current Catalog,Pets & Animals,1.2%,https://www.iGive.com/current-catalog,https://www.currentcatalog.com
Cutter & Buck,General Retail & Shopping,2.0%,https://www.iGive.com/cutter-buck,https://cutterbuck.com
CVS.com,General Retail & Shopping,0.8%,https://www.iGive.com/cvs,https://www.cvs.com
CyberLink,"Electronics, Software & Office",0.4%,https://www.iGive.com/cyberlink,https://www.cyberlink.com
Cylance,General Retail & Shopping,12.0%,https://www.iGive.com/cylance,https://arcticwolf.com
D'Artagnan,"Toys, Crafts, Books & Music",0.4%,https://www.iGive.com/dartagnan,https://www.dartagnan.com
Daily Sale,General Retail & Shopping,2.0%,https://www.iGive.com/daily-sale,https://dailysale.com
Dailygreatness,General Retail & Shopping,4.0%,https://www.iGive.com/dailygreatnes,https://www.dailygreatness.com
DailySteals,"Food, Wine & Gifts",1.2%,https://www.iGive.com/daily-steals,https://dailysteals.com
Dana Rebecca Designs,General Retail & Shopping,0.8%,https://www.iGive.com/dana-rebecca,https://www.danarebeccadesigns.com
Darn Tough,General Retail & Shopping,0.3%,https://www.iGive.com/darn-tough,https://darntough.com
Darphin Paris,General Retail & Shopping,2.4%,https://www.iGive.com/darphin,Manual Check Required
David's Cookies,General Retail & Shopping,2.4%,https://www.iGive.com/davids-cookies,https://davidscookies.com
DAVIDsTEA,"Food, Wine & Gifts",0.8%,https://www.iGive.com/davidstea,https://davidstea.com
DC Shoes,"Apparel, Shoes & Fashion",1.2%,https://www.iGive.com/dc-shoes,https://www.dcshoes.com
Dearfoams,General Retail & Shopping,0.4%,https://www.iGive.com/dearfoams,https://www.dearfoams.com
DeBragga,"Apparel, Shoes & Fashion",1.2%,https://www.iGive.com/debragga,https://www.debragga.com
Decadent Minimalist,General Retail & Shopping,4.0%,https://www.iGive.com/decadent-minimalist,https://decadentminimalist.com
DeepDiscount.com,General Retail & Shopping,1.6%,https://www.iGive.com/deep-discount,Manual Check Required
Dell Home & Home Office,"Electronics, Software & Office",1.6%,https://www.iGive.com/deals.dell,Manual Check Required
Dell Refurbished Computers,"Electronics, Software & Office",2.0%,https://www.iGive.com/dell-refurbished,Manual Check Required
Dell Technologies,"Electronics, Software & Office",1.6%,https://www.iGive.com/dell,Manual Check Required
Demdaco,General Retail & Shopping,2.0%,https://www.iGive.com/demdaco,https://www.demdaco.com
Denby Pottery,General Retail & Shopping,1.2%,https://www.iGive.com/denby,https://www.denby.com
Derma E,"Health, Beauty & Personal Care",2.0%,https://www.iGive.com/derma-e,https://dermae.com
Dermalogica,"Health, Beauty & Personal Care",2.0%,https://www.iGive.com/dermalogica,https://www.dermalogica.com
Design By Humans,General Retail & Shopping,1.2%,https://www.iGive.com/design-by-humans,Manual Check Required
Design Furnishings,General Retail & Shopping,2.0%,https://www.iGive.com/design-furnishings,https://www.design-furnishings.com
Design It Yourself Gift Baskets,"Food, Wine & Gifts",4.0%,https://www.iGive.com/design-it-yourself,https://www.design-it-yourself.com
Designer Optics,"Health, Beauty & Personal Care",3.2%,https://www.iGive.com/designer-optics,https://designeroptics.com
Designtly.com,General Retail & Shopping,2.0%,https://www.iGive.com/designtly,https://designtly.com
DestinationXL,General Retail & Shopping,0.8%,https://www.iGive.com/destination-xl,https://www.destination-xl.com
Detox Organics,General Retail & Shopping,4.0%,https://www.iGive.com/detox-organics,https://detoxorganics.com
DHgate,General Retail & Shopping,0.8%,https://www.iGive.com/dhgate,Manual Check Required
Di Bruno Bros.,"Sports, Outdoors & Fitness",2.0%,https://www.iGive.com/di-bruno-bros,Manual Check Required
Diane von Furstenberg,General Retail & Shopping,2.4%,https://www.iGive.com/dvf,https://www.dvf.com
Dick's Sporting Goods,General Retail & Shopping,0.8%,https://www.iGive.com/dicks-sporting,https://www.dickssportinggoods.com
Diesel US,General Retail & Shopping,2.0%,https://www.iGive.com/diesel,https://diesel.com
Diet Direct,General Retail & Shopping,2.4%,https://www.iGive.com/diet-direct,https://www.dietdirect.com
Dinnerly,General Retail & Shopping,Special Rate,https://www.iGive.com/dinnerly,https://dinnerly.com
DIRECTV,General Retail & Shopping,Special Rate,https://www.iGive.com/directv,Manual Check Required
Discount School Supply,General Retail & Shopping,0.8%,https://www.iGive.com/discount-school-supply,https://www.discountschoolsupply.com
DiscountContactLenses,"Health, Beauty & Personal Care",0.4%,https://www.iGive.com/discount-contact-lenses,https://www.discountcontacts.com
DiscountFilterStore.com,General Retail & Shopping,1.2%,https://www.iGive.com/discount-filter-store,https://www.discountfilterstore.com
DiscountMags.com,General Retail & Shopping,2.0%,https://www.iGive.com/discount-mags,https://www.discountmags.com
DiscountMugs,General Retail & Shopping,1.2%,https://www.iGive.com/discount-mugs,https://www.discountmugs.com
Disney Movie Club,General Retail & Shopping,Special Rate,https://www.iGive.com/disney-movie-club,https://movies.disney.com
Disney Store,General Retail & Shopping,0.8%,https://www.iGive.com/disney-store,https://www.disneystore.com
Dollar Tree,"Toys, Crafts, Books & Music",1.6%,https://www.iGive.com/dollartree,Manual Check Required
DollarDays,General Retail & Shopping,1.2%,https://www.iGive.com/dollar-days,Manual Check Required
Dooney & Bourke,General Retail & Shopping,2.0%,https://www.iGive.com/dooney,https://www.dooney.com
Dr. Brandt Skincare,"Apparel, Shoes & Fashion",0.8%,https://www.iGive.com/dr-brandt-skincare,https://www.drbrandtskincare.com
Dr. Fuhrman,General Retail & Shopping,4.0%,https://www.iGive.com/dr-fuhrman,https://www.drfuhrman.com
Dr. Kellyann,General Retail & Shopping,6.0%,https://www.iGive.com/dr-kellyann,https://drkellyann.com
Dr. Scholl's Shoes,"Apparel, Shoes & Fashion",4.8%,https://www.iGive.com/dr-scholls-shoes,https://www.drschollsshoes.com
Draper's & Damon's,General Retail & Shopping,0.4%,https://www.iGive.com/drapers,Manual Check Required
Driftaway Coffee,"Food, Wine & Gifts",1.6%,https://www.iGive.com/driftaway-coffee,https://store.driftaway.coffee
DTLR,General Retail & Shopping,1.2%,https://www.iGive.com/dtlr,https://www.dtlr.com
Duradry,General Retail & Shopping,2.0%,https://www.iGive.com/duradry,https://duradry.com
Durango Boots,"Apparel, Shoes & Fashion",4.0%,https://www.iGive.com/durango-boots,https://durangoboots.com
Dusit Hotels & Resorts + ASAI Hotels,"Travel, Hotels & Vehicles",1.6%,https://www.iGive.com/dusit,https://www.dusit.com
DX,General Retail & Shopping,2.0%,https://www.iGive.com/dx,https://mediaoptions.com
Dylan's Candy Bar,"Food, Wine & Gifts",2.4%,https://www.iGive.com/dylans-candy-bar,https://www.dylanscandybar.com
e.l.f. (Eyes Lips Face),General Retail & Shopping,2.8%,https://www.iGive.com/elf,https://elf.com
Eagle Creek,General Retail & Shopping,4.8%,https://www.iGive.com/eaglecreek,https://eaglecreek.com
Eastern Mountain Sports,"Sports, Outdoors & Fitness",2.0%,https://www.iGive.com/eastern-mountain-sports,https://www.ems.com
Easy Spirit,General Retail & Shopping,0.8%,https://www.iGive.com/easy-spirit,https://easyspirit.com
EasyGarage,General Retail & Shopping,0.8%,https://www.iGive.com/easygarage,Manual Check Required
Eatwith,General Retail & Shopping,2.0%,https://www.iGive.com/eatwith,https://www.eatwith.com
eCampus,General Retail & Shopping,2.0%,https://www.iGive.com/ecampus,https://www.ecampus.com
Ecosa,General Retail & Shopping,0.8%,https://www.iGive.com/ecosa,https://www.ecosa.com
Ecowise Wellnes,"Health, Beauty & Personal Care",10.0%,https://www.iGive.com/ecowisevitamins,https://ecowisevitamins.com
Eddie Bauer,General Retail & Shopping,1.6%,https://www.iGive.com/Eddie-Bauer,https://www.eddiebauer.com
Edureka,General Retail & Shopping,6.0%,https://www.iGive.com/edurek,https://www.edurek.com
edX,General Retail & Shopping,3.2%,https://www.iGive.com/edX,https://www.edx.com
Effy Jewelry,"Apparel, Shoes & Fashion",1.2%,https://www.iGive.com/effyjewelry,https://www.effyjewelry.com
Ego Home,"Home, Garden & Appliances",4.0%,https://www.iGive.com/egohome,https://egohome.com
eharmony,General Retail & Shopping,16.0%,https://www.iGive.com/eharmony,https://www.eharmony.com
Eileen Fisher,Pets & Animals,1.6%,https://www.iGive.com/eileen-fisher,Manual Check Required
ejuice.deals,General Retail & Shopping,2.0%,https://www.iGive.com/ejuice,https://www.ejuice.com
Ekrin Athletics,"Sports, Outdoors & Fitness",4.0%,https://www.iGive.com/Ekrin,https://www.ekrin.com
Electrical Wholesalers,General Retail & Shopping,1.6%,https://www.iGive.com/electrical-wholesalers,https://www.electricalwholesalers.com
ELEMIS,General Retail & Shopping,1.6%,https://www.iGive.com/elemis,https://elemis.com
Elixinol,General Retail & Shopping,1.2%,https://www.iGive.com/elixinol,https://elixinol.com
Elizabeth Arden,General Retail & Shopping,2.8%,https://www.iGive.com/elizabetharden,https://www.elizabetharden.com
ELOQUII,General Retail & Shopping,1.6%,https://www.iGive.com/eloquii,Manual Check Required
eManual Online,General Retail & Shopping,6.0%,https://www.iGive.com/emanual,https://emanual.com
Embark Vet,Pets & Animals,4.0%,https://www.iGive.com/embark,https://www.embark.com
Embassy Suites,General Retail & Shopping,0.4%,https://www.iGive.com/embassy-suites,Manual Check Required
Emedco,General Retail & Shopping,4.0%,https://www.iGive.com/emedco,https://www.emedco.com
Emjay,General Retail & Shopping,2.4%,https://www.iGive.com/emjay,Manual Check Required
EnergyFirst,General Retail & Shopping,0.4%,https://www.iGive.com/energyfirst,https://www.energyfirst.com
Enjoy Flowers,"Food, Wine & Gifts",Special Rate,https://www.iGive.com/enjoy-flowers,https://enjoyflowers.com
Enterprise Rent-A-Car,"Travel, Hotels & Vehicles",0.8%,https://www.iGive.com/enterprise,Manual Check Required
Entertainment Books,"Toys, Crafts, Books & Music",11.2%,https://www.iGive.com/entertainment,https://www.entertainment.com
Entertainment Earth,"Food, Wine & Gifts",2.0%,https://www.iGive.com/entertainment-earth,https://www.entertainmentearth.com
Entirely Pets,Pets & Animals,2.4%,https://www.iGive.com/entirely-pets,https://www.entirelypets.com
Epson,General Retail & Shopping,0.8%,https://www.iGive.com/epson,https://epson.com
ePumps,General Retail & Shopping,1.2%,https://www.iGive.com/epumps,https://www.epumps.com
Equestrian Collections,General Retail & Shopping,2.8%,https://www.iGive.com/equestrian-collections,https://www.equestriancollections.com
Erno Laszlo,General Retail & Shopping,3.2%,https://www.iGive.com/erno-laszlo,https://ernolaszlo.com
ESET,General Retail & Shopping,8.0%,https://www.iGive.com/store.eset,https://www.eset.com
eSmartTax,"Toys, Crafts, Books & Music",2.0%,https://www.iGive.com/esmart-tax,Manual Check Required
EssayEdge,General Retail & Shopping,2.0%,https://www.iGive.com/essay-edge,https://www.essayedge.com
Estee Lauder,General Retail & Shopping,1.6%,https://www.iGive.com/estee-lauder,Manual Check Required
Esurance,General Retail & Shopping,Special Rate,https://www.iGive.com/esurance,Manual Check Required
Ethel M Chocolate,"Food, Wine & Gifts",1.2%,https://www.iGive.com/ethel-m,Manual Check Required
Ettika,General Retail & Shopping,2.4%,https://www.iGive.com/ettika,https://www.ettika.com
Ettitude,General Retail & Shopping,1.6%,https://www.iGive.com/ettitude,https://www.ettitude.com
Eufy,General Retail & Shopping,2.8%,https://www.iGive.com/eufy,https://www.eufy.com
Europcar,"Travel, Hotels & Vehicles",2.8%,https://www.iGive.com/europcar,https://www.europcar.com
Even Hotels,"Travel, Hotels & Vehicles",1.6%,https://www.iGive.com/even-hotels,Manual Check Required
EveryPlate,General Retail & Shopping,Special Rate,https://www.iGive.com/everyplate,https://www.everyplate.com
Expedia.ca,General Retail & Shopping,0.8%,https://www.iGive.com/expedi,https://www.expediaca.com
Expedia.com,General Retail & Shopping,0.8%,https://www.iGive.com/expedia,Manual Check Required
Extended Stay America,General Retail & Shopping,1.2%,https://www.iGive.com/extended-stay,Manual Check Required
Eyeconic,General Retail & Shopping,1.2%,https://www.iGive.com/eyeconic,https://www.eyeconic.com
Eyeglasses.com,General Retail & Shopping,2.4%,https://www.iGive.com/eyeglasses,https://www.eyeglasses.com
EZ Lifestyle,"Apparel, Shoes & Fashion",12.0%,https://www.iGive.com/ez-lifestyle,https://www.ezlifestyle.com
Fabletics,General Retail & Shopping,Special Rate,https://www.iGive.com/fabletics,https://www.fabletics.com
Fairmont Hotels & Resorts,"Travel, Hotels & Vehicles",2.0%,https://www.iGive.com/fairmont,https://www.fairmont.com
Fairway Golf,"Sports, Outdoors & Fitness",2.4%,https://www.iGive.com/fairway-golf,https://fairwaygolfusa.shop
Famous Footwear,"Apparel, Shoes & Fashion",0.4%,https://www.iGive.com/famous-footwear,https://www.famousfootwear.com
Fanatics,General Retail & Shopping,0.8%,https://www.iGive.com/fanatics,Manual Check Required
Fancy Sprinkles,"Electronics, Software & Office",2.0%,https://www.iGive.com/fancysprinkles,https://www.fancysprinkles.com
Fare Buzz,General Retail & Shopping,Special Rate,https://www.iGive.com/fare-buzz,Manual Check Required
FARFETCH,General Retail & Shopping,1.6%,https://www.iGive.com/farfetch,Manual Check Required
Farmhouse Fresh,General Retail & Shopping,4.0%,https://www.iGive.com/farmhouse-fresh,https://www.farmhousefresh.com
Fathead,General Retail & Shopping,1.2%,https://www.iGive.com/Fathead,https://fathead.com
Faux Wood Beams,General Retail & Shopping,1.2%,https://www.iGive.com/faux-wood-beams,https://www.barrondesigns.com
FauxPanels,General Retail & Shopping,1.2%,https://www.iGive.com/fauxpanels,https://www.barrondesigns.com
FaxitFast,General Retail & Shopping,Special Rate,https://www.iGive.com/fax-it-fast,https://www.faxitfast.com
Faxon,General Retail & Shopping,2.8%,https://www.iGive.com/faxon,Manual Check Required
FedEx Office,"Electronics, Software & Office",1.2%,https://www.iGive.com/Fedex-office,Manual Check Required
Felt Paper Scissors,"Electronics, Software & Office",2.0%,https://www.iGive.com/felt-paper-scissors,https://feltpaperscissors.com
Fiber Cables Direct,General Retail & Shopping,2.4%,https://www.iGive.com/fcd,https://www.atom.com
Fidelity Denim,General Retail & Shopping,4.0%,https://www.iGive.com/fidelity-denim,https://fidelitydenim.com
FiltersFast,General Retail & Shopping,0.4%,https://www.iGive.com/filters-fast,https://www.filtersfast.com
Findmypast,General Retail & Shopping,4.0%,https://www.iGive.com/find-my-past,https://www.findmypast.com
FineJewelers,General Retail & Shopping,2.0%,https://www.iGive.com/finejewelers,Manual Check Required
FineStationery,"Electronics, Software & Office",1.2%,https://www.iGive.com/fine-stationery,https://www.finestationery.com
Finish Line,General Retail & Shopping,2.0%,https://www.iGive.com/finish-line,https://www.finish-line.com
Finish Line - Student Exclusive,General Retail & Shopping,Special Rate,https://www.iGive.com/studentbeans,https://www.studentbeans.com
Fishwest,Pets & Animals,3.2%,https://www.iGive.com/fishwest,https://fishwest.com
FitFlop,General Retail & Shopping,4.0%,https://www.iGive.com/fit-flop,https://www.fitflop.com
Fiverr,General Retail & Shopping,Special Rate,https://www.iGive.com/fiverr,Manual Check Required
Fleet Feet,General Retail & Shopping,0.4%,https://www.iGive.com/fleet-feet,https://www.fleetfeet.com
Florsheim,General Retail & Shopping,0.8%,https://www.iGive.com/florsheim,https://www.florsheim.com
Florsheim Canada,General Retail & Shopping,2.0%,https://www.iGive.com/florsheim-canada,Manual Check Required
Flower Shopping,"Food, Wine & Gifts",0.4%,https://www.iGive.com/flower-shopping,https://www.flowershopping.com
Flowers Fast,"Food, Wine & Gifts",8.0%,https://www.iGive.com/flowers-fast,Manual Check Required
Fluz,General Retail & Shopping,Special Rate,https://www.iGive.com/fluz,Manual Check Required
Flyby,General Retail & Shopping,4.0%,https://www.iGive.com/flyb,https://www.atom.com
Flying Noodle,General Retail & Shopping,1.2%,https://www.iGive.com/flying-noodle,https://www.flyingnoodle.com
Food Lion,"Food, Wine & Gifts",Special Rate,https://www.iGive.com/food-lion,https://www.food-lion.com
Footlocker.com,General Retail & Shopping,1.6%,https://www.iGive.com/footlocker,https://www.footlockercom.com
Forbes & Lewis,General Retail & Shopping,4.0%,https://www.iGive.com/forbes-lewis,https://www.forbes-lewis.com
FOREO,General Retail & Shopping,1.4%,https://www.iGive.com/foreo,https://www.foreo.com
Fotolia,General Retail & Shopping,Special Rate,https://www.iGive.com/fotolia,https://stock.adobe.com
FragranceNet,"Health, Beauty & Personal Care",0.4%,https://www.iGive.com/fragrance,https://www.fragrancenet.com
FragranceX,"Health, Beauty & Personal Care",2.0%,https://www.iGive.com/Fragrance-X,https://www.fragrancex.com
Framebridge,"Home, Garden & Appliances",1.6%,https://www.iGive.com/framebridge,https://www.framebridge.com
FramesDirect.com,"Home, Garden & Appliances",0.8%,https://www.iGive.com/frames-direct,https://www.frames-direct.com
francesca's,General Retail & Shopping,1.6%,https://www.iGive.com/francescas,https://francescas.com
Franco Sarto,"Toys, Crafts, Books & Music",1.2%,https://www.iGive.com/franco-sarto,Manual Check Required
FranklinPlanner,General Retail & Shopping,2.4%,https://www.iGive.com/franklinplanner,https://store.franklinplanner.com
Fred Meyer Jewelers,General Retail & Shopping,6.0%,https://www.iGive.com/fred-meyer-jewelers,Manual Check Required
Free Logo Services,General Retail & Shopping,6.0%,https://www.iGive.com/free-logo-services,https://www.freelogoservices.com
French Connection,General Retail & Shopping,2.0%,https://www.iGive.com/french-connection,https://www.frenchconnection.com
French Toast,General Retail & Shopping,2.0%,https://www.iGive.com/french-toast,https://www.frenchtoast.com
From You Flowers,"Food, Wine & Gifts",6.0%,https://www.iGive.com/from-you-flowers,https://www.fromyouflowers.com
Fruit Bouquets by 1800Flowers.com,"Food, Wine & Gifts",2.4%,https://www.iGive.com/fruit-bouquets,https://www.fruitbouquets.com
FTD,General Retail & Shopping,2.0%,https://www.iGive.com/ftd,https://www.ftd.com
FUL,General Retail & Shopping,0.4%,https://www.iGive.com/ful,https://ful.com
Furbo Dog Camera,Pets & Animals,4.0%,https://www.iGive.com/furbo,https://furbo.com
Fuse Lenses,"Health, Beauty & Personal Care",1.2%,https://www.iGive.com/fuse-lenses,https://fuselenses.com
Fyt,General Retail & Shopping,Special Rate,https://www.iGive.com/find-your-trainer,https://findyourtrainer.com:443
Gaby's Bags,General Retail & Shopping,2.0%,https://www.iGive.com/gabys-bags,https://gabysbags.com
Gaffos,General Retail & Shopping,2.0%,https://www.iGive.com/gaffos,https://gaffos.com
Gainful,General Retail & Shopping,2.4%,https://www.iGive.com/gainful,https://www.gainful.com
Gallery Direct,General Retail & Shopping,2.0%,https://www.iGive.com/gallery-direct,https://www.gallerydirect.com
GameFly,"Toys, Crafts, Books & Music",2.0%,https://www.iGive.com/game-fly,https://www.gamefly.com
GamersGate.com,"Toys, Crafts, Books & Music",2.0%,https://www.iGive.com/gamers-gate,https://www.gamersgate.com
Gap Canada,"Apparel, Shoes & Fashion",1.6%,https://www.iGive.com/Gap-Canada,https://www.gapcanada.ca
Gap Factory,"Apparel, Shoes & Fashion",1.6%,https://www.iGive.com/gap-factory,https://www.gapfactory.com
Gap.com,"Apparel, Shoes & Fashion",1.6%,https://www.iGive.com/gap,https://www.gap.com
Gardyn,General Retail & Shopping,1.6%,https://www.iGive.com/gardyn,https://www.gardyn.com
GDF Studio,General Retail & Shopping,2.0%,https://www.iGive.com/gdf-studio,https://gdfstudio.com
Geekbuying,General Retail & Shopping,2.4%,https://www.iGive.com/geekbuying,https://www.geekbuying.com
GelPro,General Retail & Shopping,2.0%,https://www.iGive.com/gelpro,https://www.gelpro.com
Gem-Water,General Retail & Shopping,4.0%,https://www.iGive.com/gem-water,https://www.gemwater.com
Genuine Factory Parts,"Travel, Hotels & Vehicles",1.6%,https://www.iGive.com/mtd-parts,https://www.genuinefactoryparts.com
Georgia Boot,General Retail & Shopping,4.0%,https://www.iGive.com/georgia-boot,https://georgiaboot.com
German Food Box,"Food, Wine & Gifts",Special Rate,https://www.iGive.com/german-food-box,https://germanfoodbox.com
German Slippers,General Retail & Shopping,4.0%,https://www.iGive.com/german-slippers,https://www.germanslippers.com
GetSmarter,"Toys, Crafts, Books & Music",1.6%,https://www.iGive.com/get-smarter,https://www.getsmarter.com
Getz's,General Retail & Shopping,3.2%,https://www.iGive.com/getzs,https://getzs.com
Giant Food,"Food, Wine & Gifts",Special Rate,https://www.iGive.com/giantfood,Manual Check Required
GiftCards,"Travel, Hotels & Vehicles",0.4%,https://www.iGive.com/gift-cards,https://www.giftcards.com
GiftsForYouNow,"Food, Wine & Gifts",5.2%,https://www.iGive.com/gifts-for-you-now,https://www.giftsforyounow.com
Gigi New York,General Retail & Shopping,3.6%,https://www.iGive.com/gigi-ny,https://www.giginewyork.com
Gilt,General Retail & Shopping,1.2%,https://www.iGive.com/gilt,Manual Check Required
Gilt City,General Retail & Shopping,1.2%,https://www.iGive.com/gilt-city,Manual Check Required
GlassesShop,General Retail & Shopping,4.8%,https://www.iGive.com/GlassesShop,https://www.glassesshop.com
GlassesUSA,General Retail & Shopping,1.0%,https://www.iGive.com/glasses-usa,https://www.glassesusa.com
GlobeIn,General Retail & Shopping,8.0%,https://www.iGive.com/globein,https://globein.com:443
Glow Recipe,General Retail & Shopping,2.8%,https://www.iGive.com/glow-recipe,https://www.glowrecipe.com
GNC,General Retail & Shopping,0.4%,https://www.iGive.com/gnc,https://www.gnc.com
Go City,General Retail & Shopping,1.2%,https://www.iGive.com/gocity,https://gocity.com
Go Daddy,General Retail & Shopping,2.0%,https://www.iGive.com/go-daddy,Manual Check Required
Goal Zero,General Retail & Shopping,2.0%,https://www.iGive.com/goal-zero,https://goalzero.com
GoalieMonkey,General Retail & Shopping,0.8%,https://www.iGive.com/goaliemonkey,https://www.goaliemonkey.com
Godiva Chocolatier,General Retail & Shopping,0.4%,https://www.iGive.com/godiva,https://www.godiva.com
Gold Medal Wine Club,"Apparel, Shoes & Fashion",4.0%,https://www.iGive.com/gold-medal-wine-club,https://goldmedalwineclub.com
Good Sam Roadside Assistance,General Retail & Shopping,0.8%,https://www.iGive.com/good-sam-roadside,https://roadside.goodsam.com
Good Vibrations,"Apparel, Shoes & Fashion",4.0%,https://www.iGive.com/good-vibrations,https://www.goodvibes.com
Goop,General Retail & Shopping,1.6%,https://www.iGive.com/goop,https://goop.com
GoSkills,General Retail & Shopping,4.0%,https://www.iGive.com/goskills,https://www.goskills.com
GotPrint,"Electronics, Software & Office",Special Rate,https://www.iGive.com/gotprint,https://www.gotprint.com
Gourmesso,General Retail & Shopping,4.0%,https://www.iGive.com/gourmesso,https://www.gourmesso.com
GourmetGiftBaskets.com,"Food, Wine & Gifts",2.0%,https://www.iGive.com/gourmet-gift-baskets,https://www.gourmetgiftbaskets.com
GPC Smart,"Toys, Crafts, Books & Music",4.0%,https://www.iGive.com/gpc,https://www.georgiapower.com
Grailed,General Retail & Shopping,0.4%,https://www.iGive.com/grailed,https://www.grailed.com
Grande Cosmetics,"Health, Beauty & Personal Care",2.0%,https://www.iGive.com/grande-cosmetics,https://grandecosmetics.com
Grassland Beef,General Retail & Shopping,1.2%,https://www.iGive.com/grassland-beef,https://grasslandbeef.com
GreaterGood Stores,General Retail & Shopping,0.8%,https://www.iGive.com/greatergood,https://greatergood.com
Green Chef,General Retail & Shopping,Special Rate,https://www.iGive.com/chef.greenchef,https://www.greenchef.com
Green Man Gaming,General Retail & Shopping,0.8%,https://www.iGive.com/green-man-gaming,https://www.greenmangaming.com
GreenPan,General Retail & Shopping,1.2%,https://www.iGive.com/greenpa,https://www.greenpa.com
Groundlink,"Electronics, Software & Office",0.4%,https://www.iGive.com/groundlink,Manual Check Required
Groupon,General Retail & Shopping,0.4%,https://www.iGive.com/groupon,https://www.groupon.com
Grove Collaborative,General Retail & Shopping,2.0%,https://www.iGive.com/grov,https://www.grove.co
Grow Gorgeous,General Retail & Shopping,2.4%,https://www.iGive.com/grow-gorgeous,https://www.dermstore.com
Gthic.com,General Retail & Shopping,4.8%,https://www.iGive.com/gthic,https://gthic.com
GUESS.com,General Retail & Shopping,1.6%,https://www.iGive.com/shop.guess,https://www.guess.com
Guild Wars 2,General Retail & Shopping,4.0%,https://www.iGive.com/buy.guildwars2,Manual Check Required
H&R Block,General Retail & Shopping,0.4%,https://www.iGive.com/hr-block,Manual Check Required
H10 Hotels,"Travel, Hotels & Vehicles",1.6%,https://www.iGive.com/H10 Hotels,https://www.h10hotels.com
Haggar,General Retail & Shopping,2.0%,https://www.iGive.com/haggar,https://www.haggar.com
Hallelujah Diet,General Retail & Shopping,6.0%,https://www.iGive.com/hallelujah-diet,https://myhdiet.com
Hamilton Beach,General Retail & Shopping,2.4%,https://www.iGive.com/hamilton-beach,https://hamiltonbeach.com
Hampden Clothing,"Apparel, Shoes & Fashion",2.4%,https://www.iGive.com/hampden,https://www.hampden.com
Handy,General Retail & Shopping,Special Rate,https://www.iGive.com/handy,https://www.handy.com
Hanes,General Retail & Shopping,0.4%,https://www.iGive.com/hanes,Manual Check Required
Hansen Surfboards,General Retail & Shopping,2.4%,https://www.iGive.com/hansen-surfboards,Manual Check Required
Happsy,"Electronics, Software & Office",3.2%,https://www.iGive.com/happsy,https://happsy.com
Harry & David,General Retail & Shopping,0.8%,https://www.iGive.com/harryanddavid,https://www.harryanddavid.com
Harry's,General Retail & Shopping,0.4%,https://www.iGive.com/harrys,https://www.harrys.com
Hartmann,"Toys, Crafts, Books & Music",2.0%,https://www.iGive.com/hartmann,https://shop.hartmann.com
Harvey Nichols,General Retail & Shopping,0.8%,https://www.iGive.com/harvey-nichols,https://www.harveynichols.com
Hatley,General Retail & Shopping,1.6%,https://www.iGive.com/hatley,https://hatley.com
Hawaii Coffee Company,"Food, Wine & Gifts",4.0%,https://www.iGive.com/hawaii-coffee,https://hawaiicoffee.com
HBX,General Retail & Shopping,1.2%,https://www.iGive.com/hbx,https://hbx.com
HDIS,General Retail & Shopping,4.0%,https://www.iGive.com/hdis,Manual Check Required
"Health, Fitness and Longevity","Health, Beauty & Personal Care",6.0%,https://www.iGive.com/4hfl,Manual Check Required
Health-Ade,"Health, Beauty & Personal Care",2.0%,https://www.iGive.com/health-ade,https://health-ade.com
Health-o-Meter,"Health, Beauty & Personal Care",3.2%,https://www.iGive.com/health o meter,https://www.healthometer.com
Health-o-Meter Nuyu,"Health, Beauty & Personal Care",3.2%,https://www.iGive.com/health o meter-nuyu,Manual Check Required
HealthyBaby,"Health, Beauty & Personal Care",1.6%,https://www.iGive.com/healthybaby,https://healthybaby.com
HearthSong,"Toys, Crafts, Books & Music",2.0%,https://www.iGive.com/hearth-song,https://www.hearthsong.com
Heartland Veterinary Supply,Pets & Animals,2.4%,https://www.iGive.com/heartland-vet-supply,Manual Check Required
Heist,General Retail & Shopping,2.8%,https://www.iGive.com/heist,https://heist.com:443
HelloMolly,General Retail & Shopping,1.2%,https://www.iGive.com/hello-molly,https://www.hellomolly.com
Helmm,General Retail & Shopping,4.0%,https://www.iGive.com/helmm,https://www.helmm.com
Hemp Bombs,General Retail & Shopping,4.0%,https://www.iGive.com/hemp-bombs,Manual Check Required
Henry's,General Retail & Shopping,0.4%,https://www.iGive.com/henrys,https://www.henrys.com
HerRoom,General Retail & Shopping,1.6%,https://www.iGive.com/herroom,Manual Check Required
Herschel Supply Company,General Retail & Shopping,1.6%,https://www.iGive.com/herschel,https://herschel.com
Hertz,General Retail & Shopping,1.2%,https://www.iGive.com/hertz,https://www.hertz.com
Heshi,General Retail & Shopping,6.4%,https://www.iGive.com/heshi,Manual Check Required
Hickory Farms,General Retail & Shopping,2.0%,https://www.iGive.com/hickory-farms,https://www.hickoryfarms.com
Hidden 24,General Retail & Shopping,Special Rate,https://www.iGive.com/hidden24,https://www.hidden24.com
Highlights For Children,Pets & Animals,1.6%,https://www.iGive.com/highlights-catalog,Manual Check Required
Hipstik Legwear,"Apparel, Shoes & Fashion",4.4%,https://www.iGive.com/hipstik,https://hipstiks.com
HisRoom,General Retail & Shopping,1.6%,https://www.iGive.com/his-room,https://www.his-room.com
HobbyTron,"Toys, Crafts, Books & Music",4.8%,https://www.iGive.com/hobbytron,https://hobbytron.com
HockeyMonkey,General Retail & Shopping,0.8%,https://www.iGive.com/hockeymonkey,https://www.hockeymonkey.com
Holabird Sports,"Sports, Outdoors & Fitness",2.0%,https://www.iGive.com/holabird-sports,https://www.holabirdsports.com
Holiday Inn,General Retail & Shopping,1.6%,https://www.iGive.com/holiday-inn,Manual Check Required
Holiday Inn Express,General Retail & Shopping,1.6%,https://www.iGive.com/hiexpress,Manual Check Required
Holmes,General Retail & Shopping,2.4%,https://www.iGive.com/Holmes,Manual Check Required
Home Chef,"Home, Garden & Appliances",Special Rate,https://www.iGive.com/homechef,https://www.homechef.com
Home Depot,"Home, Garden & Appliances",0.4%,https://www.iGive.com/homedepot,Manual Check Required
Homesick Candles,"Home, Garden & Appliances",2.4%,https://www.iGive.com/homesick,https://homesick.com
Horizon Fitness,"Sports, Outdoors & Fitness",2.0%,https://www.iGive.com/horizon-fitness,https://www.horizonfitness.com
Horse.com,General Retail & Shopping,1.6%,https://www.iGive.com/horse,https://www.horse.com
HorseLoverZ,General Retail & Shopping,2.8%,https://www.iGive.com/HorseLoverZ,https://www.horseloverz.com
HostPapa,General Retail & Shopping,6.0%,https://www.iGive.com/hostpapa,https://www.hostpapa.com
Hot Shot's Secret,General Retail & Shopping,3.2%,https://www.iGive.com/hot-shots-secret,https://www.hotshotsecret.com
Hot Topic,General Retail & Shopping,0.4%,https://www.iGive.com/hot-topic,https://www.hottopic.com
Hotel Indigo,"Travel, Hotels & Vehicles",1.6%,https://www.iGive.com/hotel-indigo,Manual Check Required
Hotelogical,"Travel, Hotels & Vehicles",1.2%,https://www.iGive.com/awin.hotelogical,https://www.hotelogical.com
Hotelopia,"Travel, Hotels & Vehicles",2.0%,https://www.iGive.com/hotelopia,Manual Check Required
Hotels.com,"Travel, Hotels & Vehicles",0.8%,https://www.iGive.com/Hotels,Manual Check Required
Hover,General Retail & Shopping,10.0%,https://www.iGive.com/hover,https://www.hover.com
HQhair,"Health, Beauty & Personal Care",2.0%,https://www.iGive.com/hqhair,https://www.lookfantastic.com
HRdirect,General Retail & Shopping,6.0%,https://www.iGive.com/hrdirect,Manual Check Required
HSN,General Retail & Shopping,3.2%,https://www.iGive.com/hsn,Manual Check Required
Hue,"Apparel, Shoes & Fashion",0.4%,https://www.iGive.com/hue,https://hue.com
Hydrow,General Retail & Shopping,1.2%,https://www.iGive.com/hydrow,https://hydrow.com
I Saw It First,General Retail & Shopping,0.4%,https://www.iGive.com/isawitfirst,Manual Check Required
i-Blason,General Retail & Shopping,3.2%,https://www.iGive.com/i-blason,https://www.i-blason.com
IBEROSTAR USA,General Retail & Shopping,2.8%,https://www.iGive.com/iberostar,Manual Check Required
IBSformula,"Health, Beauty & Personal Care",6.0%,https://www.iGive.com/ibs-formula,https://www.supernaturalshealth.com
iCheapFlight,"Travel, Hotels & Vehicles",Special Rate,https://www.iGive.com/icheap-flight,Manual Check Required
IDENTILOCK,General Retail & Shopping,4.0%,https://www.iGive.com/getidentilock,https://getidentilock.com
iHerb,General Retail & Shopping,2.0%,https://www.iGive.com/iherb,Manual Check Required
IHG Hotels & Resorts,"Travel, Hotels & Vehicles",1.6%,https://www.iGive.com/ihg,Manual Check Required
Illy Cafe,General Retail & Shopping,1.6%,https://www.iGive.com/illy,Manual Check Required
ILoveDooney,General Retail & Shopping,1.6%,https://www.iGive.com/i-love-dooney,https://www.ilovedooney.com
Impromptu Gourmet,"Food, Wine & Gifts",1.6%,https://www.iGive.com/impromptu-gourmet,Manual Check Required
InkCartridges,"Electronics, Software & Office",6.4%,https://www.iGive.com/ink-cartridges,https://www.inkcartridges.com
Inkopious,"Electronics, Software & Office",4.0%,https://www.iGive.com/inkopious,https://inkopious.com
Insight Vacations,Pets & Animals,2.0%,https://www.iGive.com/insight-vacations,https://www.insightvacations.com
Instacart,"Travel, Hotels & Vehicles",Special Rate,https://www.iGive.com/instacart,https://www.instacart.com
Intechra Health,"Health, Beauty & Personal Care",8.0%,https://www.iGive.com/intechra-health,https://intechrahealth.com
Intego Mac Software,"Electronics, Software & Office",20.0%,https://www.iGive.com/intego,https://www.intego.com
International Wine of the Month Club,"Food, Wine & Gifts",Special Rate,https://www.iGive.com/International-Wine-of-the-Month-Club,Manual Check Required
Intimina,General Retail & Shopping,4.0%,https://www.iGive.com/intimina,https://www.intimina.com
Investintech,"Electronics, Software & Office",12.0%,https://www.iGive.com/investintech,https://www.investintech.com
Invigorated Water,General Retail & Shopping,6.0%,https://www.iGive.com/invigorated-water,https://invigoratedwater.com
iolo technologies,"Electronics, Software & Office",24.0%,https://www.iGive.com/iolo,https://www.iolo.com
iRobot,General Retail & Shopping,0.8%,https://www.iGive.com/irobot,https://www.irobot.com
ISA Professional,General Retail & Shopping,4.0%,https://www.iGive.com/isa-professional,https://www.isa-professional.com
Isle Casino Hotel Waterloo,"Travel, Hotels & Vehicles",2.0%,https://www.iGive.com/isle-waterloo,Manual Check Required
Isotonix,General Retail & Shopping,2.0%,https://www.iGive.com/isotonix,Manual Check Required
IWED Global,General Retail & Shopping,Special Rate,https://www.iGive.com/iwed,https://www.iwed.com
IWOOT,General Retail & Shopping,0.4%,https://www.iGive.com/iwantoneofthose,https://iwantoneofthose.com
J&P Cycles,"Sports, Outdoors & Fitness",0.8%,https://www.iGive.com/jp-cycles,https://www.jpcycles.com
J. Crew Factory,General Retail & Shopping,1.2%,https://www.iGive.com/factory.jcrew,Manual Check Required
Jachs NY,General Retail & Shopping,2.4%,https://www.iGive.com/jachs-ny,https://www.jachsny.com
Jack Rogers,General Retail & Shopping,2.0%,https://www.iGive.com/jackrogers,Manual Check Required
JacksonGalaxy.com,General Retail & Shopping,3.2%,https://www.iGive.com/jackson-galaxy,https://www.jacksongalaxy.com
jAlbum,General Retail & Shopping,4.0%,https://www.iGive.com/jalbum,Manual Check Required
JanSport,General Retail & Shopping,0.8%,https://www.iGive.com/jansport,https://www.jansport.com
Jayson Home,"Home, Garden & Appliances",2.4%,https://www.iGive.com/jayson-home,https://www.jaysonhome.com
JCPenney,General Retail & Shopping,1.2%,https://www.iGive.com/jcpenney,https://www.jcpenney.com
JCWhitney,General Retail & Shopping,0.4%,https://www.iGive.com/JC-Whitney,https://www.jcwhitney.com
JellyBuddy,General Retail & Shopping,0.8%,https://www.iGive.com/jelly-buddy,Manual Check Required
JerkFit,General Retail & Shopping,2.0%,https://www.iGive.com/jerkfit,https://jerkfit.com
Jetson,General Retail & Shopping,2.0%,https://www.iGive.com/jetson,https://jetson.com
Jewlr,General Retail & Shopping,0.8%,https://www.iGive.com/jewlr,https://www.jewlr.com
JINsoon,General Retail & Shopping,1.6%,https://www.iGive.com/jinsoon,https://jinsoon.com
Jo Malone London,General Retail & Shopping,2.4%,https://www.iGive.com/jo-malone,https://www.jo-malone.com
Job Ready Programmer,General Retail & Shopping,4.0%,https://www.iGive.com/job-ready,https://www.job-ready.com
JOE'S,"Apparel, Shoes & Fashion",2.0%,https://www.iGive.com/joesjeans,https://www.joesjeans.com
Joe's New Balance Outlet,General Retail & Shopping,0.8%,https://www.iGive.com/joes-new-balance-outlet,Manual Check Required
John Hardy Jewelry,"Apparel, Shoes & Fashion",1.2%,https://www.iGive.com/john-hardy-jewelry,Manual Check Required
Johnston & Murphy,General Retail & Shopping,2.8%,https://www.iGive.com/johnston-murphy,https://www.johnstonmurphy.com
JosABank.com,General Retail & Shopping,1.2%,https://www.iGive.com/jos-a-bank,Manual Check Required
Journeys,General Retail & Shopping,2.4%,https://www.iGive.com/journeys,https://www.journeys.com
JTV Jewelry Television,"Apparel, Shoes & Fashion",0.4%,https://www.iGive.com/jewelrytelevision,https://www.jtv.com
JUARA Skincare,"Health, Beauty & Personal Care",4.0%,https://www.iGive.com/juara,https://www.juaraskincare.com
Jumpsport,General Retail & Shopping,0.8%,https://www.iGive.com/jumpsport,https://www.jumpsport.com
JunoActive,"Sports, Outdoors & Fitness",1.2%,https://www.iGive.com/junoactive,https://junoactive.com
Just Blinds,"Home, Garden & Appliances",0.8%,https://www.iGive.com/just-blinds,Manual Check Required
Just CBD,"Health, Beauty & Personal Care",7.2%,https://www.iGive.com/justcbd,https://www.justcbd.com
JustAnswer,General Retail & Shopping,Special Rate,https://www.iGive.com/just-answer,Manual Check Required
Justice,General Retail & Shopping,2.0%,https://www.iGive.com/justice,https://www.findlaw.com
Kaplan MD,General Retail & Shopping,4.0%,https://www.iGive.com/kaplan-md,https://www.kaplanmd.com
Kaplan Test Prep,General Retail & Shopping,1.2%,https://www.iGive.com/kaplan,Manual Check Required
Karl's Bait and Tackle,General Retail & Shopping,Special Rate,https://www.iGive.com/karls,https://karls.de
Karmaloop,General Retail & Shopping,2.4%,https://www.iGive.com/karmaloop,https://www.karmaloop.com
Karuna,"Sports, Outdoors & Fitness",4.0%,https://www.iGive.com/karuna,Manual Check Required
Kat Von D Beauty,"Health, Beauty & Personal Care",2.4%,https://www.iGive.com/kat-von-d-beauty,Manual Check Required
Kay Jewelers,General Retail & Shopping,0.8%,https://www.iGive.com/kay,Manual Check Required
Keds,General Retail & Shopping,3.2%,https://www.iGive.com/keds,https://www.keds.com
Keeper Security,"Electronics, Software & Office",4.0%,https://www.iGive.com/keeper-security,https://www.keepersecurity.com
Kenneth Cole,General Retail & Shopping,6.8%,https://www.iGive.com/kenneth-cole,https://www.kennethcole.com
Kerastase,General Retail & Shopping,2.4%,https://www.iGive.com/kerastase-usa,Manual Check Required
Kerastase Canada,General Retail & Shopping,2.4%,https://www.iGive.com/kerastas,Manual Check Required
Keto Cycle,"Sports, Outdoors & Fitness",Special Rate,https://www.iGive.com/keto-cycle,Manual Check Required
Keurig,General Retail & Shopping,1.6%,https://www.iGive.com/keurig,Manual Check Required
kidpik,General Retail & Shopping,4.0%,https://www.iGive.com/kidpik,https://www.kidpik.com
Kids Foot Locker,General Retail & Shopping,1.6%,https://www.iGive.com/kids-foot-locker,Manual Check Required
KidsShoes by plae,"Apparel, Shoes & Fashion",0.4%,https://www.iGive.com/kidsshoes,https://www.kidsshoes.com
Kiehl's,General Retail & Shopping,3.2%,https://www.iGive.com/kiehls,Manual Check Required
Kindred Bravely,"Apparel, Shoes & Fashion",0.4%,https://www.iGive.com/kindred-bravely,https://www.kindredbravely.com
Kingsbottle,General Retail & Shopping,2.0%,https://www.iGive.com/kingsbottle,https://kingsbottle.com
KitchenAid Major Appliances,"Electronics, Software & Office",0.8%,https://www.iGive.com/kitchenaid,Manual Check Required
KiwiCo,General Retail & Shopping,4.0%,https://www.iGive.com/Kiwi-Crate,https://www.kiwico.com:443
Kiyonna Clothing,"Apparel, Shoes & Fashion",3.2%,https://www.iGive.com/kiyonna,https://www.kiyonna.com
Knights Inn,General Retail & Shopping,1.2%,https://www.iGive.com/knights-inn,https://www.knightsinn.com
Knose,General Retail & Shopping,4.0%,https://www.iGive.com/knose,https://www.knose.com
Kohl's,General Retail & Shopping,1.2%,https://www.iGive.com/kohls,Manual Check Required
Koi Footwear,"Apparel, Shoes & Fashion",0.4%,https://www.iGive.com/koi-footwear,https://www.koifootwear.com
Kole Imports,General Retail & Shopping,1.2%,https://www.iGive.com/kole-imports,https://www.koleimports.com
Kooding,General Retail & Shopping,2.8%,https://www.iGive.com/kooding,Manual Check Required
Kora,General Retail & Shopping,2.4%,https://www.iGive.com/kora,https://kora.com
Korres,General Retail & Shopping,2.0%,https://www.iGive.com/korres,https://www.korres.com
Kremp Florist,"Food, Wine & Gifts",1.4%,https://www.iGive.com/kremp,https://www.kremp.com
Kuhl,General Retail & Shopping,2.4%,https://www.iGive.com/kuhl,https://www.kuhl.com
Kut from the Kloth,General Retail & Shopping,3.2%,https://www.iGive.com/kut,https://www.kut.com
Kwiat,General Retail & Shopping,2.0%,https://www.iGive.com/kwiat,https://kwiat.com
L'Occitane,General Retail & Shopping,1.0%,https://www.iGive.com/loccitane,https://www.loccitane.com
L.L. Bean,General Retail & Shopping,1.2%,https://www.iGive.com/ll-bean,https://www.llbean.com
La Roche Posay,General Retail & Shopping,3.2%,https://www.iGive.com/la-roche-posay,https://www.larocheposay.com
La Senza,"Apparel, Shoes & Fashion",2.8%,https://www.iGive.com/la-senza,https://www.lasenza.com
Lab Series,General Retail & Shopping,3.2%,https://www.iGive.com/lab-series,https://www.labseries.com
Lacrosse Monkey,General Retail & Shopping,0.8%,https://www.iGive.com/lacrosse-monkey,https://www.lacrossemonkey.com
Lancer,General Retail & Shopping,0.8%,https://www.iGive.com/lancer,https://www.atom.com
Lands' End,General Retail & Shopping,1.6%,https://www.iGive.com/landsend,Manual Check Required
Lands' End Outfitters,"Apparel, Shoes & Fashion",3.2%,https://www.iGive.com/business.landsend,Manual Check Required
LaneBryant.com,General Retail & Shopping,0.8%,https://www.iGive.com/lane-bryant,https://www.lanebryant.com
Lattelier Store,General Retail & Shopping,4.0%,https://www.iGive.com/lattelier,https://www.lattelier.com
Lauren Moshi,General Retail & Shopping,1.2%,https://www.iGive.com/lauren-moshi,https://www.laurenmoshi.com
Layla,General Retail & Shopping,2.0%,https://www.iGive.com/layla,Manual Check Required
LazyOne,General Retail & Shopping,3.2%,https://www.iGive.com/lazyone,https://lazyone.com
Le Creuset,General Retail & Shopping,1.6%,https://www.iGive.com/le-creuset,https://www.lecreuset.com
Lebua Hotels & Resorts,"Travel, Hotels & Vehicles",2.0%,https://www.iGive.com/lebua,Manual Check Required
LED Equipped,General Retail & Shopping,2.8%,https://www.iGive.com/led-equipped,https://www.ledequipped.com
LegalZoom,General Retail & Shopping,2.0%,https://www.iGive.com/legalzoom,https://www.legalzoom.com
Legion Athletics,"Sports, Outdoors & Fitness",2.4%,https://www.iGive.com/legion,https://legionathletics.com
LELO,General Retail & Shopping,0.4%,https://www.iGive.com/lelo,https://www.lelo.com
Lenovo (Canada),General Retail & Shopping,1.2%,https://www.iGive.com/lenovo-CA,Manual Check Required
Lenovo US,General Retail & Shopping,0.8%,https://www.iGive.com/lenovo,https://www.lenovo.com
Lensabl,"Health, Beauty & Personal Care",4.0%,https://www.iGive.com/lensabl,https://www.lensabl.com
LensPure,"Health, Beauty & Personal Care",3.2%,https://www.iGive.com/lens-pure,https://www.lenspure.com
Leonisa,General Retail & Shopping,1.6%,https://www.iGive.com/leonisa,https://www.leonisa.com
Lepulse,General Retail & Shopping,6.0%,https://www.iGive.com/lepulse,https://lepulse.com
Les Nereides,General Retail & Shopping,4.0%,https://www.iGive.com/les-nereides,https://www.lesnereides.com
Levenger,General Retail & Shopping,2.4%,https://www.iGive.com/levenger,https://www.levenger.com
Levi's,General Retail & Shopping,0.8%,https://www.iGive.com/levi,Manual Check Required
Lids.ca,General Retail & Shopping,0.8%,https://www.iGive.com/lid,https://www.lid.com
Lids.com,General Retail & Shopping,0.8%,https://www.iGive.com/lids,Manual Check Required
Life Clothing Co.,"Apparel, Shoes & Fashion",8.0%,https://www.iGive.com/life-clothing,Manual Check Required
Life is Good,General Retail & Shopping,3.2%,https://www.iGive.com/life-is-good,https://lifeisgood.com
Life Line Screening,General Retail & Shopping,Special Rate,https://www.iGive.com/life-line,https://www.lifeline.com
LifeStride,General Retail & Shopping,1.2%,https://www.iGive.com/lifestride,https://www.lifestride.com
LightInTheBox,General Retail & Shopping,3.2%,https://www.iGive.com/Light-In-The-Box,Manual Check Required
Lillian Vernon,General Retail & Shopping,1.2%,https://www.iGive.com/lillian-vernon,https://www.lillianvernon.com
Lilly Pulitzer,General Retail & Shopping,0.4%,https://www.iGive.com/lilly-pulitzer,https://www.lillypulitzer.com
LILYSILK,General Retail & Shopping,3.2%,https://www.iGive.com/lilysilk,https://www.lilysilk.com
Lindt Chocolates,"Food, Wine & Gifts",1.6%,https://www.iGive.com/lindt,https://www.lindt.ch
LinensBargains,General Retail & Shopping,3.2%,https://www.iGive.com/linens-bargains,Manual Check Required
Link Interactive,"Electronics, Software & Office",Special Rate,https://www.iGive.com/link-interactive,https://www.linkinteractive.com
Little Tikes,General Retail & Shopping,1.4%,https://www.iGive.com/littletikes,https://www.littletikes.com
Little Words Project,General Retail & Shopping,2.0%,https://www.iGive.com/little-words,https://www.littlewords.com
LittleMissMatched,General Retail & Shopping,4.0%,https://www.iGive.com/littlemissmatched,https://www.littlemissmatched.com
Living DNA,General Retail & Shopping,2.8%,https://www.iGive.com/living-dna,https://livingdna.com:443
LOL Jerky,General Retail & Shopping,6.4%,https://www.iGive.com/lol-jerky,Manual Check Required
LOLShirts,"Apparel, Shoes & Fashion",2.0%,https://www.iGive.com/LOL-shirts,https://www.lolshirts.com
LOOK OPTIC,"Health, Beauty & Personal Care",1.6%,https://www.iGive.com/look-optic,https://www.lookoptic.com
Lookfantastic,General Retail & Shopping,0.4%,https://www.iGive.com/lookfantastic,https://www.lookfantastic.com
Looking4Parking,General Retail & Shopping,2.0%,https://www.iGive.com/looking-4-parking,https://www.looking4parking.com
Lorex Technology,"Electronics, Software & Office",0.8%,https://www.iGive.com/Lorex-Technology,https://www.lorex.com
Lovedbaby,General Retail & Shopping,2.0%,https://www.iGive.com/lovedbaby,https://www.lovedbaby.com
Lovehoney,General Retail & Shopping,1.6%,https://www.iGive.com/lovehoney,Manual Check Required
LovelyWholesale,General Retail & Shopping,3.2%,https://www.iGive.com/lovelywholesale,https://www.lovelywholesale.com
Lucky Brand,"Apparel, Shoes & Fashion",1.6%,https://www.iGive.com/lucky-brand,Manual Check Required
Lucky Orange,General Retail & Shopping,20.0%,https://www.iGive.com/lucky-orange,Manual Check Required
Lugz,General Retail & Shopping,1.6%,https://www.iGive.com/lugz,https://www.lugz.com
Lula's Garden,"Home, Garden & Appliances",4.0%,https://www.iGive.com/lulas-garden,https://www.lulasgarden.com
Lumens,General Retail & Shopping,2.4%,https://www.iGive.com/lumens,https://www.lumens.com
Lumin,General Retail & Shopping,2.4%,https://www.iGive.com/lumin,https://www.lumin.com
Luvme Hair,"Health, Beauty & Personal Care",2.0%,https://www.iGive.com/luvme,https://shop.luvmehair.com
LuxeDH,General Retail & Shopping,0.8%,https://www.iGive.com/luxe-dh,https://www.luxedh.com
Luxor Linens,General Retail & Shopping,4.0%,https://www.iGive.com/luxor-linens,https://luxorlinens.com
Mackenzie Limited,General Retail & Shopping,1.6%,https://www.iGive.com/mackenzie-limited,Manual Check Required
MacPaw,General Retail & Shopping,20.0%,https://www.iGive.com/mac-paw,https://macpaw.com:443
Macy's,General Retail & Shopping,1.2%,https://www.iGive.com/Macy's,Manual Check Required
Made By Hemp,General Retail & Shopping,6.0%,https://www.iGive.com/made-by-hemp,https://madebyhemp.com
Madewell,General Retail & Shopping,0.6%,https://www.iGive.com/madewell,Manual Check Required
Magazine.co.uk,General Retail & Shopping,Special Rate,https://www.iGive.com/magazine-uk,Manual Check Required
Magazines.com,General Retail & Shopping,4.0%,https://www.iGive.com/magazines,https://www.magazines.com
Magellan's Travel Supplies,"Travel, Hotels & Vehicles",2.0%,https://www.iGive.com/magellans,https://www.magellans.com
MagicKitchen.com,"Home, Garden & Appliances",4.0%,https://www.iGive.com/magic-kitchen,https://www.magickitchen.com
Magoosh,General Retail & Shopping,3.2%,https://www.iGive.com/toefl.magoosh,https://magoosh.com
Maidenform,General Retail & Shopping,0.4%,https://www.iGive.com/maidenform,Manual Check Required
MAKANAI Japanese Pure Beauty,"Health, Beauty & Personal Care",6.0%,https://www.iGive.com/Makanai,Manual Check Required
Mally Beauty,"Health, Beauty & Personal Care",3.2%,https://www.iGive.com/mally,https://mallybeauty-co-uk.myshopify.com
Manitoba Harvest,General Retail & Shopping,2.4%,https://www.iGive.com/manitoba,https://manitobaharvest.com
Mankind,General Retail & Shopping,1.2%,https://www.iGive.com/Mankind,https://www.mankind.com
Manuka Doctor,General Retail & Shopping,3.2%,https://www.iGive.com/manuka-doctor,https://www.manukadoctor.com
Maps.com Shop,General Retail & Shopping,4.0%,https://www.iGive.com/maps,https://www.maps.com
Marc Jacobs,General Retail & Shopping,0.4%,https://www.iGive.com/marc-jacobs,https://www.marcjacobs.com
Marcelle,General Retail & Shopping,2.4%,https://www.iGive.com/marcelle,https://marcelle.com
Margaritaville Cargo,"Travel, Hotels & Vehicles",2.4%,https://www.iGive.com/margaritavillecargo,https://www.margaritavillecargo.com
Marika,General Retail & Shopping,1.6%,https://www.iGive.com/marika,https://www.marika.com
Marimekko,General Retail & Shopping,3.2%,https://www.iGive.com/marimekko,https://www.marimekko.com
Marks & Spencer,General Retail & Shopping,0.8%,https://www.iGive.com/marks-and-spencer,https://www.marksandspencer.com
Mars Med Supply,General Retail & Shopping,4.0%,https://www.iGive.com/mars-med,https://marsmed.com
Master of Project Academy,General Retail & Shopping,6.0%,https://www.iGive.com/master-project,https://masterofprojectacademy.com
Matisse Footwear,"Apparel, Shoes & Fashion",3.2%,https://www.iGive.com/matisse,https://www.matisse.com
Matt & Nat,General Retail & Shopping,1.6%,https://www.iGive.com/matt-and-nat,https://mattandnat.com
Mattress Firm,"Home, Garden & Appliances",2.0%,https://www.iGive.com/mattress-firm,https://www.mattressfirm.com
Mavi Jeans,"Apparel, Shoes & Fashion",1.6%,https://www.iGive.com/mavi,https://us.mavi.com
MaXpeedingrods,General Retail & Shopping,4.0%,https://www.iGive.com/maxpeedingrods,https://www.maxpeedingrods.com
McAfee,"Home, Garden & Appliances",14.0%,https://www.iGive.com/home.mcafee,https://www.homemcafee.com
MCM World Wide,General Retail & Shopping,0.8%,https://www.iGive.com/MCM-World-Wide,https://www.mcmworldwide.com
Mead,General Retail & Shopping,2.2%,https://www.iGive.com/mead,Manual Check Required
MEL Science,General Retail & Shopping,Special Rate,https://www.iGive.com/MEL-science,https://melscience.com:443
Melinda Maria Designs,General Retail & Shopping,3.2%,https://www.iGive.com/melinda-maria,https://www.melindamaria.com
Melissa and Doug,General Retail & Shopping,2.4%,https://www.iGive.com/melissa-and-doug,https://www.melissaanddoug.com
MELT Method,General Retail & Shopping,4.0%,https://www.iGive.com/melt-method,https://meltmethod.com
Men's Wearhouse,"Apparel, Shoes & Fashion",1.2%,https://www.iGive.com/mens-wearhouse,Manual Check Required
Michael Kors,General Retail & Shopping,0.8%,https://www.iGive.com/michael-kors,Manual Check Required
Michael Stars,"Toys, Crafts, Books & Music",2.0%,https://www.iGive.com/michael-stars,https://www.michaelstars.com
"Michaels Stores, Inc.","Toys, Crafts, Books & Music",2.0%,https://www.iGive.com/michaels,https://www.michaels.com
Michele,General Retail & Shopping,0.4%,https://www.iGive.com/michele,Manual Check Required
Microbrewed Beer of the Month Club,General Retail & Shopping,Special Rate,https://www.iGive.com/beermonthclub,https://www.beermonthclub.com
Microsoft Store Canada,General Retail & Shopping,0.4%,https://www.iGive.com/microsoft,https://www.microsoft.com
Mighty Leaf Tea,"Food, Wine & Gifts",1.6%,https://www.iGive.com/mighty-leaf-tea,Manual Check Required
MightyCall,General Retail & Shopping,Special Rate,https://www.iGive.com/mightycall,https://www.mightycall.com
Mignon Faget,General Retail & Shopping,0.4%,https://www.iGive.com/mignon-faget,https://www.mignonfaget.com
Mikasa.com,General Retail & Shopping,2.4%,https://www.iGive.com/mikasa,https://www.mikasa.com
Miles Kimball,General Retail & Shopping,2.4%,https://www.iGive.com/miles-kimball,Manual Check Required
Millennium & Copthorne Hotels,"Travel, Hotels & Vehicles",1.2%,https://www.iGive.com/millenniumcopthorne-hotels,Manual Check Required
Mint Mobile,"Electronics, Software & Office",Special Rate,https://www.iGive.com/mint-mobile,Manual Check Required
Mio Skincare,"Health, Beauty & Personal Care",2.4%,https://www.iGive.com/Mio-Skincare,Manual Check Required
Miracle Noodle,General Retail & Shopping,4.0%,https://www.iGive.com/miracle-noodle,https://miraclenoodle.com
Miraclesuit,General Retail & Shopping,0.8%,https://www.iGive.com/miraclesuit,https://www.miraclesuit.com
Mission Farms CBD,"Health, Beauty & Personal Care",6.0%,https://www.iGive.com/mission-farms,https://www.mission-farms.com
Mixbook,"Toys, Crafts, Books & Music",2.4%,https://www.iGive.com/mixbook,https://www.mixbook.com
MLBshop,General Retail & Shopping,0.8%,https://www.iGive.com/shop.mlb,Manual Check Required
Modell's,General Retail & Shopping,2.0%,https://www.iGive.com/modells,https://modells.com
Modern Bathroom,"Health, Beauty & Personal Care",2.4%,https://www.iGive.com/modern-bathroom,https://www.modernbathroom.com
Molton Brown,General Retail & Shopping,2.4%,https://www.iGive.com/molton-brown,https://www.molton-brown.com
Monica Vinader,General Retail & Shopping,1.6%,https://www.iGive.com/monica-vinader,Manual Check Required
Monoprice,General Retail & Shopping,0.8%,https://www.iGive.com/monoprice,Manual Check Required
Monthly Clubs,General Retail & Shopping,Special Rate,https://www.iGive.com/Monthly-Clubs,https://www.monthlyclubs.com
Montway Auto Transport,"Travel, Hotels & Vehicles",Special Rate,https://www.iGive.com/montway,https://www.montway.com
MOO,General Retail & Shopping,0.8%,https://www.iGive.com/moo,https://www.moo.com
Moonbow by Dubslabs,General Retail & Shopping,0.4%,https://www.iGive.com/dubslabs,https://dubslabs.com
Morris 4x4 Center,General Retail & Shopping,1.6%,https://www.iGive.com/morris-center,https://morriscenter.org
Mosaic Weighted Blankets,General Retail & Shopping,3.6%,https://www.iGive.com/mosaic,https://www.mosaic.com
Motherhood Maternity,General Retail & Shopping,0.8%,https://www.iGive.com/motherhood,https://motherhood.com
Motiv,General Retail & Shopping,3.6%,https://www.iGive.com/motiv,Manual Check Required
Motives Cosmetics,"Health, Beauty & Personal Care",2.0%,https://www.iGive.com/motives-cosmetics,https://www.motivescosmetics.com
Mountain Warehouse,General Retail & Shopping,2.0%,https://www.iGive.com/mountain-warehouse,https://www.mountainwarehouse.com
Movo Photo,"Electronics, Software & Office",4.0%,https://www.iGive.com/movo-photo,https://www.movophoto.com
Mr. Peanut's Premium Products,General Retail & Shopping,4.0%,https://www.iGive.com/mr-peanuts,https://www.mrpeanuts.com
MSC Industrial Supply,General Retail & Shopping,0.8%,https://www.iGive.com/msc-industrial,https://mscindustrial.com
Mugler,General Retail & Shopping,3.2%,https://www.iGive.com/mugler,Manual Check Required
MunchPak,General Retail & Shopping,4.0%,https://www.iGive.com/munch-pak,Manual Check Required
Murad Skin Care,"Health, Beauty & Personal Care",1.6%,https://www.iGive.com/murad,https://www.murad.com
Music & Arts,"Travel, Hotels & Vehicles",0.4%,https://www.iGive.com/music-arts,https://www.musicarts.com
Musician's Friend,"Toys, Crafts, Books & Music",0.4%,https://www.iGive.com/musicians-friend,https://www.musiciansfriend.com
My Gift Stop,"Food, Wine & Gifts",2.4%,https://www.iGive.com/my-gift-stop,https://www.mygiftstop.com
My M&M's,General Retail & Shopping,2.4%,https://www.iGive.com/mandms,https://www.mandms.com
My Social Book,"Toys, Crafts, Books & Music",2.0%,https://www.iGive.com/my-social-book,https://www.mysocialbook.com
My Wedding Favors,General Retail & Shopping,4.8%,https://www.iGive.com/my-wedding-favors,https://www.myweddingfavors.com
MyCleanPC,General Retail & Shopping,Special Rate,https://www.iGive.com/my-clean-pc,https://www.mycleanpc.com
MyDevices,General Retail & Shopping,Special Rate,https://www.iGive.com/mydevices,Manual Check Required
Myprotein,General Retail & Shopping,1.6%,https://www.iGive.com/myprotein,https://www.myprotein.com
MyTeaDrop,"Food, Wine & Gifts",2.0%,https://www.iGive.com/myteadrop,https://www.myteadrop.com
Naadam,General Retail & Shopping,1.2%,https://www.iGive.com/naada,Manual Check Required
Naked Wines,"Food, Wine & Gifts",Special Rate,https://www.iGive.com/naked-wines,https://www.nakedwines.com
Namecheap,General Retail & Shopping,8.0%,https://www.iGive.com/name-cheap,https://www.namecheap.com
NARS Cosmetics,"Health, Beauty & Personal Care",1.6%,https://www.iGive.com/nars-cosmetics,https://www.narscosmetics.com
Nat Nast,General Retail & Shopping,3.2%,https://www.iGive.com/nat-nast,https://natnast.com
National Academy of Sports Medicine,"Sports, Outdoors & Fitness",4.0%,https://www.iGive.com/nasm,https://www.nasm.org
National Business Furniture,"Home, Garden & Appliances",1.6%,https://www.iGive.com/nationalbusinessfurniture,https://www.nationalbusinessfurniture.com
National Car Rental,"Travel, Hotels & Vehicles",0.8%,https://www.iGive.com/national-rental-car,Manual Check Required
Native Pet,Pets & Animals,2.4%,https://www.iGive.com/native-pet,https://nativepet.com
Natori,General Retail & Shopping,2.4%,https://www.iGive.com/natori,https://www.natori.com
Natural Healthy Concepts,"Health, Beauty & Personal Care",2.4%,https://www.iGive.com/natural-healthy-concepts,https://www.nhc.com
Naturalizer,General Retail & Shopping,1.2%,https://www.iGive.com/naturalizer,Manual Check Required
Naturalizer Canada,General Retail & Shopping,1.2%,https://www.iGive.com/naturalize,https://www.naturalize.com
Naturepedic,General Retail & Shopping,2.4%,https://www.iGive.com/naturepedic,https://www.naturepedic.com
Nautica,General Retail & Shopping,1.6%,https://www.iGive.com/nautica,Manual Check Required
Nautilus,General Retail & Shopping,2.0%,https://www.iGive.com/nautilus,https://www.nautilus.com
Naylors Equestrian,General Retail & Shopping,2.0%,https://www.iGive.com/naylors,https://www.naylors.com
Nearly Natural,General Retail & Shopping,2.0%,https://www.iGive.com/nearly-natural,https://www.nearlynatural.com
Nectar Bath Treats,"Health, Beauty & Personal Care",2.0%,https://www.iGive.com/nectar-bath,Manual Check Required
Nectar Sunglasses,General Retail & Shopping,3.6%,https://www.iGive.com/nectar-sunglasses,https://www.nectarsunglasses.com
Neiman Marcus,General Retail & Shopping,0.8%,https://www.iGive.com/neiman-marcus,Manual Check Required
Net10 Wireless,"Electronics, Software & Office",2.0%,https://www.iGive.com/net10affiliates,https://www.net10wireless.com
Neuro,General Retail & Shopping,4.0%,https://www.iGive.com/deal.neurogum,Manual Check Required
New Balance,General Retail & Shopping,0.8%,https://www.iGive.com/new-balance,Manual Check Required
New York Comedy,General Retail & Shopping,2.8%,https://www.iGive.com/newyorkcomedy,Manual Check Required
Newegg,General Retail & Shopping,0.4%,https://www.iGive.com/newegg,https://www.newegg.com
Newegg Canada,General Retail & Shopping,0.2%,https://www.iGive.com/neweg,Manual Check Required
NeweggBusiness,General Retail & Shopping,0.4%,https://www.iGive.com/neweggbusiness,https://www.neweggbusiness.com
Nextdoor,General Retail & Shopping,Special Rate,https://www.iGive.com/nextdoor,https://nextdoor.com
NFL+,General Retail & Shopping,0.8%,https://www.iGive.com/nfl,https://www.nfl.com
NFLShop.com,General Retail & Shopping,0.8%,https://www.iGive.com/NFL-shop,Manual Check Required
Nike.com,General Retail & Shopping,2.4%,https://www.iGive.com/nike,https://www.nike.com
Nina Shoes,"Apparel, Shoes & Fashion",6.0%,https://www.iGive.com/nina-shoes,https://ninashoes.com
Nine West,General Retail & Shopping,1.2%,https://www.iGive.com/nine-west,https://ninewest.com
No nonsense,General Retail & Shopping,4.0%,https://www.iGive.com/no-nonsense,https://nononsense.com
No7 Beauty,"Health, Beauty & Personal Care",2.4%,https://www.iGive.com/no7-beauty,Manual Check Required
Nolo,General Retail & Shopping,10.0%,https://www.iGive.com/nolo,https://www.nolo.com
Nomadik,General Retail & Shopping,6.0%,https://www.iGive.com/nomadik,Manual Check Required
Nordgreen,General Retail & Shopping,4.0%,https://www.iGive.com/nordgreen,https://nordgreen.com
NordVPN,"Electronics, Software & Office",16.0%,https://www.iGive.com/nordvpn,https://nordvpn.com
North American Power,General Retail & Shopping,Special Rate,https://www.iGive.com/napower,https://www.napower.com
NorthStyle,"Apparel, Shoes & Fashion",2.0%,https://www.iGive.com/northstyle,https://www.northstyle.com
NortonLifelock,General Retail & Shopping,8.0%,https://www.iGive.com/login.norton,https://www.gendigital.com
NOVICA,General Retail & Shopping,2.4%,https://www.iGive.com/novica,https://www.novica.com
Nuleaf Naturals CBD,"Health, Beauty & Personal Care",4.0%,https://www.iGive.com/nuleaf,https://www.nuleaf.com
Nunn Bush,General Retail & Shopping,2.8%,https://www.iGive.com/nunn-bush,https://www.nunnbush.com
Nunn Bush Canada,General Retail & Shopping,2.0%,https://www.iGive.com/nunn-bush-canada,Manual Check Required
Nutribullet,General Retail & Shopping,2.4%,https://www.iGive.com/nutribullet,https://www.nutribullet.com
Nutricost,General Retail & Shopping,4.0%,https://www.iGive.com/nutricost,https://nutricost.com
Nutrisystem,General Retail & Shopping,Special Rate,https://www.iGive.com/nutrisystem,Manual Check Required
Nuuvem,General Retail & Shopping,1.2%,https://www.iGive.com/nuuvem,Manual Check Required
NuWave Oven,"Home, Garden & Appliances",4.0%,https://www.iGive.com/mynuwaveoven,https://www.nuwavenow.com
NYX Professional Makeup,"Health, Beauty & Personal Care",3.2%,https://www.iGive.com/nyx,https://www.nyxprofessionalmakeup.com
O.R.G. Skincare,"Health, Beauty & Personal Care",8.0%,https://www.iGive.com/org-skincare,https://www.orgskincare.com
Oakley,General Retail & Shopping,2.4%,https://www.iGive.com/oakley,https://www.oakley.com
OCLU,General Retail & Shopping,4.0%,https://www.iGive.com/oclu,https://oclu.com
Ode a la Rose,General Retail & Shopping,4.0%,https://www.iGive.com/ode-a-la-rose,https://www.odealarose.com
Office Depot and OfficeMax,"Electronics, Software & Office",1.2%,https://www.iGive.com/officedepot,https://www.officedepot.com
Oki Oki,General Retail & Shopping,2.0%,https://www.iGive.com/oki-oki,https://okioki.com
Old Navy,"Apparel, Shoes & Fashion",1.6%,https://www.iGive.com/old-navy,https://oldnavy.gap.com
Old Navy Canada,"Apparel, Shoes & Fashion",1.6%,https://www.iGive.com/old-navy-canada,https://oldnavy.gapcanada.ca
OleHenriksen,General Retail & Shopping,1.6%,https://www.iGive.com/olehenriksen,https://olehenriksen.com
Olight USA,General Retail & Shopping,4.0%,https://www.iGive.com/olight,https://www.olight.com
Omaha Steaks,"Food, Wine & Gifts",1.2%,https://www.iGive.com/omaha-steaks,Manual Check Required
One Hanes Place,General Retail & Shopping,0.4%,https://www.iGive.com/one-hanes-place,Manual Check Required
One Kings Lane,General Retail & Shopping,0.4%,https://www.iGive.com/onekingslane,https://www.onekingslane.com
OneBone,"Apparel, Shoes & Fashion",Special Rate,https://www.iGive.com/onebone,https://onebonebrand.com
ONeillClothing.com,"Apparel, Shoes & Fashion",0.8%,https://www.iGive.com/o-neill-clothing,https://us.oneill.com
OnePlus,General Retail & Shopping,1.2%,https://www.iGive.com/one-plus,https://www.oneplus.com
OneTravel,"Travel, Hotels & Vehicles",Special Rate,https://www.iGive.com/one-travel,Manual Check Required
Online Amish Furniture,"Home, Garden & Appliances",1.6%,https://www.iGive.com/online-amish-furniture,https://onlineamishfurniture.com
Only Natural Pet,Pets & Animals,0.8%,https://www.iGive.com/only-natural-pet,https://www.onlynaturalpet.com
Onyx Hospitality,General Retail & Shopping,1.2%,https://www.iGive.com/onyx-hospitality,https://onyxhospitality.com
Opencare,"Travel, Hotels & Vehicles",Special Rate,https://www.iGive.com/opencare,https://www.opencare.com
OpinionInn,General Retail & Shopping,Special Rate,https://www.iGive.com/opinioninn,https://opinioninn.com
Optimum Nutrition,"Health, Beauty & Personal Care",3.2%,https://www.iGive.com/optimum-nutrition,https://www.optimumnutrition.com
Opulent Organics CBD,"Health, Beauty & Personal Care",8.0%,https://www.iGive.com/opulent-organics,Manual Check Required
Orbitz,General Retail & Shopping,0.8%,https://www.iGive.com/orbitz,Manual Check Required
Organic Baby Food,"Food, Wine & Gifts",4.0%,https://www.iGive.com/organic-baby-food,https://www.organicbabyfood.com
Oriental Trading,General Retail & Shopping,1.6%,https://www.iGive.com/oriental-trading,https://www.orientaltrading.com
Orig3n DNA Tests,General Retail & Shopping,10.0%,https://www.iGive.com/orig3n,https://www.orig3n.com
Origins Canada,General Retail & Shopping,2.4%,https://www.iGive.com/origin,https://www.ea.com
Origins.com,General Retail & Shopping,0.4%,https://www.iGive.com/origins,Manual Check Required
Oster,General Retail & Shopping,2.4%,https://www.iGive.com/Oster,https://www.oster.com
Oster Professional Products,General Retail & Shopping,2.4%,https://www.iGive.com/osterpro,https://www.osterpro.com
OtterBox,General Retail & Shopping,2.4%,https://www.iGive.com/otterbox,https://www.otterbox.com
Ouidad,General Retail & Shopping,1.6%,https://www.iGive.com/ouidad,https://www.ouidad.com
Outdoor Gear Exchange,"Sports, Outdoors & Fitness",2.4%,https://www.iGive.com/gearx,https://www.gearx.com
Overnight Glasses,General Retail & Shopping,Special Rate,https://www.iGive.com/overnight-glasses,https://www.overnightglasses.com
Overstock.com,General Retail & Shopping,0.8%,https://www.iGive.com/overstock,https://www.overstock.com
Overton's,General Retail & Shopping,0.8%,https://www.iGive.com/overtons,https://www.overtons.com
PacSun,General Retail & Shopping,0.4%,https://www.iGive.com/pacsun,Manual Check Required
PalmBeach Jewelry,"Apparel, Shoes & Fashion",2.8%,https://www.iGive.com/palm-beach,https://www.palmbeach.com
Paper Mart,"Electronics, Software & Office",1.2%,https://www.iGive.com/paper-mart,https://www.papermart.com
Parachute Home,"Home, Garden & Appliances",1.6%,https://www.iGive.com/parachute-home,https://parachutehome.com
Parallels,General Retail & Shopping,6.0%,https://www.iGive.com/parallels,https://www.parallels.com
Paravel,General Retail & Shopping,3.2%,https://www.iGive.com/paravel,https://paravel.com
Paris City Vision,General Retail & Shopping,3.2%,https://www.iGive.com/paris-city-vision,https://www.pariscityvision.com
ParkSleepFly,General Retail & Shopping,Special Rate,https://www.iGive.com/park-sleep-fly,https://parksleepfly.com
Parts Geek,"Travel, Hotels & Vehicles",2.0%,https://www.iGive.com/parts-geek,https://www.partsgeek.com
Patagonia,General Retail & Shopping,3.2%,https://www.iGive.com/patagonia,Manual Check Required
Patagonia Provisions,General Retail & Shopping,3.2%,https://www.iGive.com/patagonia-provisions,Manual Check Required
PatchMD,General Retail & Shopping,3.2%,https://www.iGive.com/PatchMD,https://www.patchmd.com
PatPat,General Retail & Shopping,2.0%,https://www.iGive.com/patpat,Manual Check Required
Patrick Ta Beauty,"Health, Beauty & Personal Care",3.2%,https://www.iGive.com/patrick-ta,https://patrickta.com
Paul Fredrick Menstyle,"Apparel, Shoes & Fashion",3.2%,https://www.iGive.com/menstyle,Manual Check Required
Paula's Choice,General Retail & Shopping,2.8%,https://www.iGive.com/paulas-choice,https://www.paulaschoice.com
pCloud,"Electronics, Software & Office",0.4%,https://www.iGive.com/pcloud,https://www.pcloud.com
Pedro Shoes,"Apparel, Shoes & Fashion",2.0%,https://www.iGive.com/pedro-shoes,https://www.pedroshoes.com
Peet's Coffee,"Food, Wine & Gifts",0.8%,https://www.iGive.com/peets,https://www.peets.com
Penningtons,General Retail & Shopping,1.6%,https://www.iGive.com/penningtons,https://www.penningtons.com
PeopleFinders,General Retail & Shopping,26.0%,https://www.iGive.com/people-finders,https://www.peoplefinders.com
Percival Menswear,"Apparel, Shoes & Fashion",3.2%,https://www.iGive.com/Percival,Manual Check Required
Perfumania,General Retail & Shopping,1.6%,https://www.iGive.com/perfumania,https://perfumania.com
Perricone MD,General Retail & Shopping,0.8%,https://www.iGive.com/perricone-md,https://www.perriconemd.com
Personalabs,General Retail & Shopping,4.0%,https://www.iGive.com/personalabs,Manual Check Required
Personalization Mall,General Retail & Shopping,1.2%,https://www.iGive.com/personalization-mall,https://www.personalizationmall.com
Personnel Concepts,General Retail & Shopping,4.0%,https://www.iGive.com/personnel-concepts,https://www.personnelconcepts.com
Pet Supermarket,Pets & Animals,0.4%,https://www.iGive.com/pet-supermarket,https://www.pet-supermarket.com
PetCareRx,Pets & Animals,2.4%,https://www.iGive.com/pet-care-rx,https://www.petcarerx.com
PETCO,Pets & Animals,0.8%,https://www.iGive.com/petco,Manual Check Required
Peter Millar,Pets & Animals,1.6%,https://www.iGive.com/peter-millar,Manual Check Required
PETER THOMAS ROTH CLINICAL SKIN CARE,Pets & Animals,1.2%,https://www.iGive.com/PETER-THOMAS-ROTH-CLINICAL-SKIN-CARE,Manual Check Required
Peterson's Test Prep,Pets & Animals,4.0%,https://www.iGive.com/petersons,https://www.petersons.com
PetFriendly,Pets & Animals,2.0%,https://www.iGive.com/petfriendly,https://petfriendly.com
Petjoy,Pets & Animals,6.0%,https://www.iGive.com/petjoy,https://petjoy.com
Pfaltzgraff,General Retail & Shopping,2.4%,https://www.iGive.com/pfaltzgraff,https://www.pfaltzgraff.com
Philips,General Retail & Shopping,1.6%,https://www.iGive.com/philips,https://www.usa.philips.com
philosophy,General Retail & Shopping,2.0%,https://www.iGive.com/philosophy,https://philosophy.com
Photobook America,"Electronics, Software & Office",4.0%,https://www.iGive.com/photobook,https://www.photobookamerica.com
Photobucket,"Electronics, Software & Office",8.0%,https://www.iGive.com/photobucket,https://www.photobucket.com
Photography.com,"Electronics, Software & Office",4.0%,https://www.iGive.com/photography,https://photography.com
PictureFrames,"Home, Garden & Appliances",0.4%,https://www.iGive.com/pictureframes,https://www.pictureframes.com
Pictures On Gold,"Apparel, Shoes & Fashion",2.0%,https://www.iGive.com/pictures-on-gold,https://www.picturesongold.com
Pikolinos,General Retail & Shopping,2.4%,https://www.iGive.com/pikolinos,https://www.pikolinos.com
Pillow Guy,General Retail & Shopping,4.0%,https://www.iGive.com/pillow-guy,https://www.pillowguy.com
Pinty,General Retail & Shopping,2.4%,https://www.iGive.com/pinty,https://www.pinty.com
Pixie Mood,General Retail & Shopping,4.0%,https://www.iGive.com/pixiemood,Manual Check Required
Play Osmo,General Retail & Shopping,2.0%,https://www.iGive.com/osmo,https://www.osmo.com
Plow & Hearth,"Toys, Crafts, Books & Music",2.0%,https://www.iGive.com/plow-hearth,https://plowhearth.com
PopSockets,General Retail & Shopping,3.2%,https://www.iGive.com/popsockets,https://www.popsockets.com
Portions Master,General Retail & Shopping,6.0%,https://www.iGive.com/portions-master,https://www.portionsmaster.com
prAna,General Retail & Shopping,1.6%,https://www.iGive.com/prana,https://www.prana.com
Precious Moments,General Retail & Shopping,4.0%,https://www.iGive.com/precious-moments,https://www.preciousmoments.com
Premier TEFL,General Retail & Shopping,4.0%,https://www.iGive.com/premier-tefl,https://premiertefl.com
Prestigia,General Retail & Shopping,Special Rate,https://www.iGive.com/prestigia,https://www.prestigia.com
PrettyLittleThing US,General Retail & Shopping,2.4%,https://www.iGive.com/pretty-little-thing,https://www.prettylittlethingus.com
Priceline.com,General Retail & Shopping,2.0%,https://www.iGive.com/priceline,Manual Check Required
Proactiv+,General Retail & Shopping,3.2%,https://www.iGive.com/proactiv,https://proactiv.com
ProFlowers,"Food, Wine & Gifts",2.0%,https://www.iGive.com/proflowers,https://www.proflowers.com
Proviz,"Sports, Outdoors & Fitness",1.2%,https://www.iGive.com/proviz,https://provizsports.com
ProWritingAid,General Retail & Shopping,Special Rate,https://www.iGive.com/prowritingaid,Manual Check Required
PsPrint,"Electronics, Software & Office",2.0%,https://www.iGive.com/ps-print,https://www.psprint.com
Psycho Bunny,General Retail & Shopping,2.0%,https://www.iGive.com/psycho-bunny,https://www.psychobunny.com
PUBLIC Bikes,"Sports, Outdoors & Fitness",3.2%,https://www.iGive.com/public-bikes,https://publicbikes.com
Public Desire,General Retail & Shopping,2.4%,https://www.iGive.com/public-desire,https://www.publicdesire.com
PUMA,General Retail & Shopping,2.0%,https://www.iGive.com/us.puma,https://in.puma.com
PUR,"Health, Beauty & Personal Care",3.2%,https://www.iGive.com/pur-cosmetics,https://www.purcosmetics.com
Pura Vida Bracelets,"Apparel, Shoes & Fashion",0.8%,https://www.iGive.com/pura-vida-bracelets,https://www.puravidabracelets.com
Pure Hemp Botanicals,General Retail & Shopping,18.0%,https://www.iGive.com/purehemp,https://purehempbotanicals.com
PureVPN,"Electronics, Software & Office",10.0%,https://www.iGive.com/purevpn,https://www.purevpn.com
Purlisse,General Retail & Shopping,4.0%,https://www.iGive.com/purlisse,https://purlisse.com
Purple Carrot,"Travel, Hotels & Vehicles",Special Rate,https://www.iGive.com/purple-carrot,https://www.purplecarrot.com
Quantum Nutrition Labs,"Health, Beauty & Personal Care",2.0%,https://www.iGive.com/qnlabs,https://qnlabs.com
Quest,"Health, Beauty & Personal Care",4.0%,https://www.iGive.com/quest-health,https://www.questhealth.com
Quest Nutrition,"Health, Beauty & Personal Care",4.0%,https://www.iGive.com/Quest-Nutrition,https://www.questnutrition.com
QuickBooks,"Toys, Crafts, Books & Music",Special Rate,https://www.iGive.com/quickbooks,Manual Check Required
Quill.com,General Retail & Shopping,0.4%,https://www.iGive.com/quill,https://www.quill.com
QVC,General Retail & Shopping,1.2%,https://www.iGive.com/qvc,https://www.qvc.com
Rachel Ashwell Shabby Chic,General Retail & Shopping,2.0%,https://www.iGive.com/rachel-ashwell,https://www.rachelashwell.com
Radisson Hotels,"Travel, Hotels & Vehicles",1.6%,https://www.iGive.com/radisson,Manual Check Required
Rainbow Light,General Retail & Shopping,4.0%,https://www.iGive.com/rainbow-light,https://www.rainbowlight.com
Rakuten Kobo,General Retail & Shopping,0.4%,https://www.iGive.com/kobo,https://www.kobo.com
Rakuten Shopping,General Retail & Shopping,0.4%,https://www.iGive.com/buy,https://www.rakuten.com
Ralph Lauren Fragrances,"Health, Beauty & Personal Care",0.8%,https://www.iGive.com/ralphlaurenfragrances,Manual Check Required
RawSpiceBar,General Retail & Shopping,8.4%,https://www.iGive.com/rawspicebar,https://rawspicebar.com
Ray-Ban,General Retail & Shopping,2.8%,https://www.iGive.com/ray-ban,Manual Check Required
ReadingIQ,General Retail & Shopping,Special Rate,https://www.iGive.com/reading-iq,https://www.readingiq.com
Rebecca Minkoff,"Electronics, Software & Office",1.6%,https://www.iGive.com/rebecca-minkoff,https://www.rebeccaminkoff.com
Recoil Automatic Cord Winders,"Travel, Hotels & Vehicles",4.0%,https://www.iGive.com/recoil-automatic-cord-winders,Manual Check Required
Red Roof,General Retail & Shopping,1.2%,https://www.iGive.com/red-roof-inn,Manual Check Required
Redken,General Retail & Shopping,2.8%,https://www.iGive.com/re,Manual Check Required
Redline Goods,General Retail & Shopping,2.8%,https://www.iGive.com/redline,https://www.redlinegoods.com
RedShelf,General Retail & Shopping,2.0%,https://www.iGive.com/redshelf,https://www.redshelf.com
Reebok,General Retail & Shopping,3.2%,https://www.iGive.com/reebok,https://www.reebok.com
Reel Paper,"Electronics, Software & Office",Special Rate,https://www.iGive.com/reel-paper,https://www.reelpaper.com
RefrigiWear,"Apparel, Shoes & Fashion",3.2%,https://www.iGive.com/refrigiwear,https://refrigiwear.com
Refurb.io,General Retail & Shopping,1.6%,https://www.iGive.com/refurb,https://www.refurb.com
Reitmans,General Retail & Shopping,1.6%,https://www.iGive.com/reitmans,https://www.reitmans.com
Remind Insoles,General Retail & Shopping,0.4%,https://www.iGive.com/remind-insoles,https://remindinsoles.com
Renpho,General Retail & Shopping,2.0%,https://www.iGive.com/renpho,https://renpho.com
RentalCars.com,"Travel, Hotels & Vehicles",1.5%,https://www.iGive.com/rental-cars,Manual Check Required
RentReporters,General Retail & Shopping,Special Rate,https://www.iGive.com/rent-reporters,https://www.rentreporters.com
Republic of Durable Goods,General Retail & Shopping,3.2%,https://www.iGive.com/republic-goods,https://www.republic-goods.com
Restaurant.com,"Food, Wine & Gifts",8.0%,https://www.iGive.com/restaurant,https://www.restaurant.com
ReStockIt,General Retail & Shopping,2.0%,https://www.iGive.com/restockit,https://www.restockit.com
Revelry Supply,General Retail & Shopping,4.8%,https://www.iGive.com/revelry-supply,https://revelrysupply.com
ReVive Skincare,"Health, Beauty & Personal Care",3.2%,https://www.iGive.com/revive,https://revive.com
Ritani,General Retail & Shopping,0.8%,https://www.iGive.com/ritani,Manual Check Required
Robert Graham,General Retail & Shopping,1.6%,https://www.iGive.com/robert-graham,Manual Check Required
Robert Mondavi Winery,"Food, Wine & Gifts",3.2%,https://www.iGive.com/mondavi-winery,https://robertmondaviwinery.com
Rock Bottom Golf,"Sports, Outdoors & Fitness",0.8%,https://www.iGive.com/rock-bottom-golf,https://www.rockbottomgolf.com
Rocket Dog,Pets & Animals,2.0%,https://www.iGive.com/rocket-dog,https://www.rocketdog.com
Rockport,General Retail & Shopping,1.6%,https://www.iGive.com/rockport,https://www.rockport.com
Rocky Boots,"Apparel, Shoes & Fashion",4.0%,https://www.iGive.com/rocky-boot,https://rockyboots.com
Rodd & Gunn,General Retail & Shopping,2.4%,https://www.iGive.com/rodd-and-gunn,https://www.roddandgunn.com
RollerSkateNation,General Retail & Shopping,3.2%,https://www.iGive.com/roller-skate-nation,https://rollerskatenation.com
Roots Canada,General Retail & Shopping,2.0%,https://www.iGive.com/roots,https://www.roots.com
Rosetta Stone,General Retail & Shopping,2.8%,https://www.iGive.com/rosetta-stone,https://www.rosettastone.com
Rover,General Retail & Shopping,Special Rate,https://www.iGive.com/get.rover,https://www.getrover.com
Roxio,General Retail & Shopping,4.0%,https://www.iGive.com/roxio,https://www.roxio.com
Roxy,General Retail & Shopping,1.2%,https://www.iGive.com/roxy,https://www.roxy.com
Royal & Pure,General Retail & Shopping,12.0%,https://www.iGive.com/royal-pure,Manual Check Required
Royal Doulton,General Retail & Shopping,2.4%,https://www.iGive.com/royal-doulton,https://www.royaldoulton.com
Roztayger,General Retail & Shopping,2.8%,https://www.iGive.com/roztayger,https://roztayger.com
Rue La La,General Retail & Shopping,1.2%,https://www.iGive.com/rue-la-la,Manual Check Required
Ruggable,"Home, Garden & Appliances",1.6%,https://www.iGive.com/ruggable,https://ruggable.com
Runderwear,"Apparel, Shoes & Fashion",2.0%,https://www.iGive.com/runderwear,https://runderwear.com
RVshare,General Retail & Shopping,1.6%,https://www.iGive.com/rvshare,https://rvshare.com
RW&CO.,General Retail & Shopping,0.8%,https://www.iGive.com/rw-co,https://rwco.com
Ryderwear,"Apparel, Shoes & Fashion",2.4%,https://www.iGive.com/ryderwear,https://www.ryderwear.com
Ryka,General Retail & Shopping,1.2%,https://www.iGive.com/ryka,Manual Check Required
S&S Worldwide,General Retail & Shopping,1.6%,https://www.iGive.com/ss-worldwide,https://www.ssworldwide.com
Saatchi Art,"Toys, Crafts, Books & Music",1.6%,https://www.iGive.com/saatchi-art,Manual Check Required
Saber Distributors (US),General Retail & Shopping,4.0%,https://www.iGive.com/saber-distributors,Manual Check Required
Sabon,General Retail & Shopping,1.6%,https://www.iGive.com/sabon,Manual Check Required
Sage UK,General Retail & Shopping,2.0%,https://www.iGive.com/sage,https://www.sage.com
SageFinds,General Retail & Shopping,4.0%,https://www.iGive.com/sage-finds,https://www.sagefinds.com
Saint Owen,General Retail & Shopping,8.0%,https://www.iGive.com/saint-owen,https://saintowen.com
Sally Beauty Supply,"Health, Beauty & Personal Care",2.4%,https://www.iGive.com/Sally,https://www.sally.com
Saltwater Fish,Pets & Animals,2.0%,https://www.iGive.com/saltwater-fish,https://www.saltwaterfish.com
Samsonite,General Retail & Shopping,2.0%,https://www.iGive.com/samsonite,Manual Check Required
Sand & Sky,General Retail & Shopping,0.8%,https://www.iGive.com/sand-and-sky,https://www.sandandsky.com
Sand Cloud,"Electronics, Software & Office",0.8%,https://www.iGive.com/sand-cloud,https://www.sandcloud.com
Sandisk,General Retail & Shopping,2.0%,https://www.iGive.com/sandisk,https://www.sandisk.com
SaturdaysNYC,General Retail & Shopping,2.8%,https://www.iGive.com/saturdaysnyc,https://www.saturdaysnyc.com
Satya Jewelry,"Apparel, Shoes & Fashion",2.4%,https://www.iGive.com/satya,https://www.satyajewelry.com
Savage X Fenty,General Retail & Shopping,Special Rate,https://www.iGive.com/savage,https://www.savagex.com
Savearound,General Retail & Shopping,2.8%,https://www.iGive.com/savearound,https://savearound.com
SaySo Rewards,General Retail & Shopping,Special Rate,https://www.iGive.com/saysoforgood,https://www.saysoforgood.com
Scandinavian Designs,General Retail & Shopping,1.2%,https://www.iGive.com/scandinavian-designs,https://scandinaviandesigns.com
Scent Box,General Retail & Shopping,Special Rate,https://www.iGive.com/scent-box,https://www.scentbox.com
Scholastic -The Teacher Store,"Food, Wine & Gifts",1.2%,https://www.iGive.com/scholastic-teacher-express,Manual Check Required
Scholastic Store,General Retail & Shopping,1.2%,https://www.iGive.com/scholastic-store,Manual Check Required
Schwinn Fitness,"Sports, Outdoors & Fitness",2.0%,https://www.iGive.com/schwinn,https://www.schwinnfitness.com
Scotch Porter,General Retail & Shopping,2.0%,https://www.iGive.com/scotch-porter,https://www.scotchporter.com
Scribendi,General Retail & Shopping,4.0%,https://www.iGive.com/scribendi,https://www.scribendi.com
Sea New York,General Retail & Shopping,4.0%,https://www.iGive.com/sea-new-york,https://www.nymediaboat.com
Sealy,General Retail & Shopping,2.4%,https://www.iGive.com/sealy,https://www.sealy.com
Sears PartsDirect,"Travel, Hotels & Vehicles",1.6%,https://www.iGive.com/searspartsdirect,https://www.searspartsdirect.com
SeatGeek,General Retail & Shopping,0.4%,https://www.iGive.com/seatgeek,Manual Check Required
Sebastian Cruz Couture,"Apparel, Shoes & Fashion",4.0%,https://www.iGive.com/sebastian-cruz,https://www.sebastiancruzcouture.com
Send Flowers,"Food, Wine & Gifts",3.2%,https://www.iGive.com/send-flowers,https://www.sendflowers.com
Sennheiser,General Retail & Shopping,2.4%,https://www.iGive.com/en-us.sennheiser,https://www.sennheiser.com
Sensational Beginnings,General Retail & Shopping,2.4%,https://www.iGive.com/sensational-beginnings,https://greatergood.com
Sephora,General Retail & Shopping,2.0%,https://www.iGive.com/sephora,https://www.sephora.com
Sephora Canada,General Retail & Shopping,2.0%,https://www.iGive.com/sephor,Manual Check Required
Setapp,"Electronics, Software & Office",Special Rate,https://www.iGive.com/setapp,https://setapp.com
SewCal Masks,General Retail & Shopping,4.0%,https://www.iGive.com/SewCal,https://www.sewcal.com
Shambhala Publications,Pets & Animals,4.0%,https://www.iGive.com/courses.shambhala,Manual Check Required
Shapellx,General Retail & Shopping,3.2%,https://www.iGive.com/shapellx,https://www.shapellx.com
Shari's Berries,General Retail & Shopping,1.2%,https://www.iGive.com/berries,https://www.berries.com
Sharper Image,General Retail & Shopping,0.8%,https://www.iGive.com/sharperimage,https://sharperimage.com
Sheet World,General Retail & Shopping,3.2%,https://www.iGive.com/sheet-world,https://www.sheetworld.com
SheetMusicPlus,"Toys, Crafts, Books & Music",0.8%,https://www.iGive.com/sheet-music-plus,https://www.sheetmusicplus.com
SheIn,General Retail & Shopping,6.0%,https://www.iGive.com/shein,https://us.shein.com
Shelving,General Retail & Shopping,2.8%,https://www.iGive.com/shelving,https://www.shelving.com
Shiekh Shoes,"Apparel, Shoes & Fashion",1.6%,https://www.iGive.com/shiekh,https://www.shiekh.com
Shinola,General Retail & Shopping,2.4%,https://www.iGive.com/shinola,https://www.shinola.com
Shipito,General Retail & Shopping,Special Rate,https://www.iGive.com/shipito,https://www.shipito.com
ShipStation,General Retail & Shopping,Special Rate,https://www.iGive.com/ship-station,https://www.shipstation.com
Shipt,General Retail & Shopping,4.0%,https://www.iGive.com/shipt,Manual Check Required
Shiseido,General Retail & Shopping,1.2%,https://www.iGive.com/shiseido,https://www.shiseido.com
SHOEBACCA,General Retail & Shopping,2.4%,https://www.iGive.com/shoebacca,https://www.shoebacca.com
ShoeDazzle,General Retail & Shopping,Special Rate,https://www.iGive.com/shoedazzle,Manual Check Required
ShoeMall,General Retail & Shopping,1.6%,https://www.iGive.com/shoemall,https://www.shoemall.com
Shop WSS,General Retail & Shopping,2.8%,https://www.iGive.com/shop-wss,https://www.shopwss.com
SHOP.COM,General Retail & Shopping,0.4%,https://www.iGive.com/shop,https://www.shop.com
Shoplet,General Retail & Shopping,1.2%,https://www.iGive.com/shoplet,https://www.shoplet.com
Showers Pass,General Retail & Shopping,0.6%,https://www.iGive.com/showers-pass,https://showerspass.com
Shu Uemura,"Health, Beauty & Personal Care",2.4%,https://www.iGive.com/shu-uemura-art-of-hair,Manual Check Required
Shu Uemura Canada,General Retail & Shopping,2.4%,https://www.iGive.com/Shu-Uemura-Canada,Manual Check Required
Shutterfly,General Retail & Shopping,0.8%,https://www.iGive.com/accounts.shutterfly,https://www.shutterfly.com
ShuttleFinder,General Retail & Shopping,8.0%,https://www.iGive.com/shuttlefinder,https://www.shuttlefinder.com
Sierra Designs,General Retail & Shopping,2.4%,https://www.iGive.com/sierra-designs,https://sierradesigns.com
Silkcut Underwear,"Apparel, Shoes & Fashion",4.0%,https://www.iGive.com/silkcut,https://silkcutunderwear.com
Silver Cuisine by Bistro MD,General Retail & Shopping,2.0%,https://www.iGive.com/silver-cuisine,https://www.bistromd.com
Silver Jeans,"Apparel, Shoes & Fashion",1.6%,https://www.iGive.com/silver-jeans,https://www.silverjeans.com
SimpleTire,"Travel, Hotels & Vehicles",0.8%,https://www.iGive.com/simple-tire,https://simpletire.com
Sisley Paris,General Retail & Shopping,2.0%,https://www.iGive.com/sisley-paris,https://www.sisleyparis.com
Siwy Denim,General Retail & Shopping,4.0%,https://www.iGive.com/siwydenim,https://www.siwydenim.com
Sixity Auto,"Travel, Hotels & Vehicles",1.0%,https://www.iGive.com/sixity-auto,Manual Check Required
Sizzlefish,Pets & Animals,1.2%,https://www.iGive.com/sizzlefish,https://www.sizzlefish.com
Sleeping Baby,General Retail & Shopping,2.4%,https://www.iGive.com/sleeping-baby,https://www.mybloomingbaby.com
Slumberjack,"Home, Garden & Appliances",2.4%,https://www.iGive.com/slumberjack,https://slumberjack.com
SmallFlower.com,"Food, Wine & Gifts",4.0%,https://www.iGive.com/smallflower,https://www.smallflower.com
Smart For Life,"Toys, Crafts, Books & Music",2.8%,https://www.iGive.com/smart-for-life,https://smartforlife.com
Smarter Nutrition,"Health, Beauty & Personal Care",2.4%,https://www.iGive.com/smarter-nutrition,https://smarternutrition.com
SmartWool,"Toys, Crafts, Books & Music",1.6%,https://www.iGive.com/smartwool,https://www.smartwool.com
Snapfish,Pets & Animals,0.4%,https://www.iGive.com/new.snapfish,https://www.snapfish.com
Snipes,General Retail & Shopping,0.4%,https://www.iGive.com/ Snipes,https://www.snipes.com
Sobelia,General Retail & Shopping,0.4%,https://www.iGive.com/sobelia,https://www.sobelia.com
Sol CBD,"Health, Beauty & Personal Care",8.0%,https://www.iGive.com/sol-cbd,https://solti.com
Solgaard,General Retail & Shopping,3.2%,https://www.iGive.com/solgaar,https://www.solgaar.com
Solid & Striped,"Travel, Hotels & Vehicles",2.8%,https://www.iGive.com/solid-and-striped,https://www.solidandstriped.com
Solight Design,General Retail & Shopping,4.0%,https://www.iGive.com/solight,https://solight.com
Soma Intimates,General Retail & Shopping,1.6%,https://www.iGive.com/soma,https://www.soma.com
SONY,General Retail & Shopping,1.2%,https://www.iGive.com/sony,Manual Check Required
Sorel,General Retail & Shopping,1.6%,https://www.iGive.com/Sorel,https://www.sorel.com
Soul Poles,General Retail & Shopping,3.2%,https://www.iGive.com/soul-poles,https://www.soulpoles.com
Southern Kitchen,"Home, Garden & Appliances",1.6%,https://www.iGive.com/southern-kitchen,https://www.southernkitchen.com
SpaFinder,General Retail & Shopping,2.4%,https://www.iGive.com/spafinder,https://www.spafinder.com
SpaFinder CA,General Retail & Shopping,2.4%,https://www.iGive.com/spafinder-ca,https://www.spafinder.com
SPC Pets,Pets & Animals,3.2%,https://www.iGive.com/spc-pets,https://spcpets.com
Speedo,General Retail & Shopping,4.0%,https://www.iGive.com/speedo,https://speedo.com
Spencer Barnes,General Retail & Shopping,1.2%,https://www.iGive.com/spencer-barnes,Manual Check Required
Spencer's,"Food, Wine & Gifts",0.8%,https://www.iGive.com/spencer-gifts,Manual Check Required
Sperry Top-Sider,General Retail & Shopping,2.8%,https://www.iGive.com/sperry,https://www.sperry.com
SpineAlign,General Retail & Shopping,1.6%,https://www.iGive.com/spine-align,https://www.spine-align.com
SpinLife,General Retail & Shopping,1.6%,https://www.iGive.com/spin-life,Manual Check Required
SpiritHalloween,General Retail & Shopping,0.8%,https://www.iGive.com/Spirit-Halloween,Manual Check Required
Splendid,General Retail & Shopping,1.6%,https://www.iGive.com/splendid,https://splendid.com
Spokeo,General Retail & Shopping,Special Rate,https://www.iGive.com/spokeo,Manual Check Required
SportChek,General Retail & Shopping,0.8%,https://www.iGive.com/sport-chek,Manual Check Required
Spot & Tango,General Retail & Shopping,Special Rate,https://www.iGive.com/spot-and-tango,https://www.spotandtango.com
Spy Associates: GPS Tracking & Surveillance Tools,"Home, Garden & Appliances",2.4%,https://www.iGive.com/spy-associates,https://spyassociates.com
Spy Optic,"Health, Beauty & Personal Care",1.2%,https://www.iGive.com/spy-optic,Manual Check Required
St. Frank,General Retail & Shopping,2.0%,https://www.iGive.com/st-frank,https://www.stfrank.com
Stacy Adams,General Retail & Shopping,2.0%,https://www.iGive.com/stacy-adams,https://www.stacyadams.com
Staples Print & Marketing Services,"Electronics, Software & Office",2.4%,https://www.iGive.com/design.staples,Manual Check Required
Staples.com,General Retail & Shopping,1.6%,https://www.iGive.com/staples,https://www.staples.com
Station Casinos,"Travel, Hotels & Vehicles",2.0%,https://www.iGive.com/sclv,https://stationcasinos.com
Stearns & Foster,"Food, Wine & Gifts",2.4%,https://www.iGive.com/stearns-foster,Manual Check Required
SteelSeries,General Retail & Shopping,2.0%,https://www.iGive.com/steelseries,https://steelseries.com
Sterling Forever,General Retail & Shopping,2.4%,https://www.iGive.com/sterling-forever,https://www.sterlingforever.com
Steve Madden,General Retail & Shopping,2.4%,https://www.iGive.com/steve-madden,https://www.stevemadden.com
StickerGiant,General Retail & Shopping,2.0%,https://www.iGive.com/stickergiant,Manual Check Required
StickerYou,General Retail & Shopping,2.0%,https://www.iGive.com/sticker-you,Manual Check Required
Stila Cosmetics,"Health, Beauty & Personal Care",2.4%,https://www.iGive.com/stila-cosmetics,https://www.stilacosmetics.com
Stio,General Retail & Shopping,2.4%,https://www.iGive.com/stio,https://www.stio.com
StockX,General Retail & Shopping,0.8%,https://www.iGive.com/stockx,Manual Check Required
Stonewall Kitchen,"Home, Garden & Appliances",1.2%,https://www.iGive.com/stonewall,https://www.stonewall.com
Stop Aging Now,General Retail & Shopping,0.4%,https://www.iGive.com/stop-aging-now,https://www.stopagingnow.com
Stop and Shop,General Retail & Shopping,Special Rate,https://www.iGive.com/stopandshop,Manual Check Required
Strainz,General Retail & Shopping,8.0%,https://www.iGive.com/strainz,Manual Check Required
StrawberryNET,General Retail & Shopping,2.0%,https://www.iGive.com/strawberry-net,Manual Check Required
Stride Rite,General Retail & Shopping,0.4%,https://www.iGive.com/stride-rite,https://www.striderite.com
StubHub,General Retail & Shopping,1.6%,https://www.iGive.com/stubhub,https://www.stubhub.com
Stylin' Trucks,"Travel, Hotels & Vehicles",2.4%,https://www.iGive.com/stylin-trucks,https://www.carparts.com
Sugarfina,"Food, Wine & Gifts",2.0%,https://www.iGive.com/sugarfina,Manual Check Required
Sulina Shop,General Retail & Shopping,2.4%,https://www.iGive.com/sulina-shop,https://sulinashop.com
Sulwhasoo,General Retail & Shopping,1.2%,https://www.iGive.com/sulwhasoo,https://www.sulwhasoo.com
Sumo Lounge,General Retail & Shopping,2.0%,https://www.iGive.com/sumo-lounge,https://www.sumolounge.com
Sunbeam,General Retail & Shopping,2.4%,https://www.iGive.com/sunbeam,https://www.sunbeam.com
Sunglass Hut,General Retail & Shopping,2.4%,https://www.iGive.com/Sunglass-Hut,https://www.sunglasshut.com
Sunny Sports,"Sports, Outdoors & Fitness",2.0%,https://www.iGive.com/sunnysports,Manual Check Required
SUPCASE,General Retail & Shopping,3.2%,https://www.iGive.com/supcase,https://supcase.com
Super Cheap Signs,General Retail & Shopping,3.2%,https://www.iGive.com/supercheapsigns,https://www.supercheapsigns.com
Super Chewer,Pets & Animals,Special Rate,https://www.iGive.com/super-chewer,https://bark.co
SuperSmart,"Toys, Crafts, Books & Music",4.0%,https://www.iGive.com/supersmart,https://www.supersmart.com
SuperStar.com,General Retail & Shopping,2.8%,https://www.iGive.com/superstar,https://www.superstar.com
SuppliesOutlet,General Retail & Shopping,1.2%,https://www.iGive.com/supplies-outlet,https://suppliesoutlet.com
Supreme Suspensions,General Retail & Shopping,2.0%,https://www.iGive.com/supreme-suspensions,https://www.supremesuspensions.com
Sur La Table,General Retail & Shopping,1.6%,https://www.iGive.com/surlatable,https://www.surlatable.com
Surfshark,General Retail & Shopping,16.0%,https://www.iGive.com/surf-shark,https://surfshark.com
Suzy Shier,General Retail & Shopping,0.8%,https://www.iGive.com/suzy-shier,https://suzyshier.com
Swanson Health,"Health, Beauty & Personal Care",1.2%,https://www.iGive.com/swanson,https://www.swansonvitamins.com
T3 Micro,General Retail & Shopping,1.6%,https://www.iGive.com/t3micro,https://t3micro.com
TagUnder,General Retail & Shopping,3.2%,https://www.iGive.com/tagunder,Manual Check Required
Talbots,General Retail & Shopping,0.8%,https://www.iGive.com/talbots,https://www.talbots.com
TalkSpace,General Retail & Shopping,Special Rate,https://www.iGive.com/talkspace,https://www.talkspace.com
Tanga,General Retail & Shopping,2.0%,https://www.iGive.com/tanga,https://www.tanga.com
Taos Footwear,"Apparel, Shoes & Fashion",6.0%,https://www.iGive.com/taos,https://taosfootwear.com
TAP Air Portugal,"Travel, Hotels & Vehicles",0.4%,https://www.iGive.com/flytap,https://booking.flytap.com
Tarte,"Health, Beauty & Personal Care",1.6%,https://www.iGive.com/tarte,https://tartecosmetics.com
tasc Performance,General Retail & Shopping,2.0%,https://www.iGive.com/tasc,https://www.tascperformance.com
Tatcha,"Health, Beauty & Personal Care",1.6%,https://www.iGive.com/tatcha,https://tatcha.com
Tate's Bake Shop,General Retail & Shopping,3.2%,https://www.iGive.com/tates-bake-shop,https://www.tatesbakeshop.com
Tech For Less,"Electronics, Software & Office",2.0%,https://www.iGive.com/tech-for-less,https://www.techforless.com
Teleflora Flowers,"Food, Wine & Gifts",2.0%,https://www.iGive.com/teleflora,https://www.teleflora.com
Temptu,General Retail & Shopping,1.6%,https://www.iGive.com/temptu,https://temptu.com
Tempur-Pedic,General Retail & Shopping,2.4%,https://www.iGive.com/tempur-pedic,https://www.tempurpedic.com
TerraCycle,"Sports, Outdoors & Fitness",1.2%,https://www.iGive.com/shop.terracycle,https://www.terracycle.com
Teva Footwear,"Apparel, Shoes & Fashion",1.6%,https://www.iGive.com/teva,Manual Check Required
The Animal Rescue Site Store,Pets & Animals,0.8%,https://www.iGive.com/animalrescuesite,https://theanimalrescuesite.com
The Body Shop,General Retail & Shopping,2.4%,https://www.iGive.com/body-shop,https://www.body-shop.com
The Catholic Company,Pets & Animals,3.2%,https://www.iGive.com/catholic-company,https://www.catholiccompany.com
The Children's Place,General Retail & Shopping,1.2%,https://www.iGive.com/thechildrensplace,Manual Check Required
The Company Store,General Retail & Shopping,0.8%,https://www.iGive.com/the-company-store,Manual Check Required
The Container Store,General Retail & Shopping,0.8%,https://www.iGive.com/container-store,https://www.containerstore.com
The Elephant Project,General Retail & Shopping,4.0%,https://www.iGive.com/elephant-project,https://www.elephant-project.com
The Fruit Company,"Food, Wine & Gifts",1.2%,https://www.iGive.com/the-fruit-company,https://www.thefruitcompany.com
The Gallery Collection,General Retail & Shopping,1.6%,https://www.iGive.com/gallery-collection,https://www.gallerycollection.com
The Gift Basket Store,"Food, Wine & Gifts",2.4%,https://www.iGive.com/gift-basket-store,https://giftbasketstore.com
The Great Courses,General Retail & Shopping,2.0%,https://www.iGive.com/great-courses,https://www.greatcourses.com
The Literacy Site,General Retail & Shopping,0.8%,https://www.iGive.com/literacy-site,https://greatergood.com
The MET Store,General Retail & Shopping,2.0%,https://www.iGive.com/store.metmuseum,https://ww2.affinity.net
The Motley Fool Canada,General Retail & Shopping,Special Rate,https://www.iGive.com/foo,https://www.foo.com
The Outnet,General Retail & Shopping,1.2%,https://www.iGive.com/the-outnet,https://theoutnet.com
The Paisley Box,General Retail & Shopping,4.0%,https://www.iGive.com/paisley-box,https://thepaisleybox.com
The Perfect Rug,"Home, Garden & Appliances",3.2%,https://www.iGive.com/the-perfect-rug,https://www.theperfectrug.com
The Prisoner Wine Company,"Food, Wine & Gifts",3.2%,https://www.iGive.com/prisoner-wine-co,https://theprisonerwinecompany.com
The Royal Mint,General Retail & Shopping,0.4%,https://www.iGive.com/royalmint,https://www.royalmint.com
The Shade Store,"Home, Garden & Appliances",0.8%,https://www.iGive.com/shade-store,https://www.theshadestore.com
The Shelving Store,General Retail & Shopping,2.8%,https://www.iGive.com/shelving-store,https://theshelvingstore.com
The Sportsman's Guide,"Sports, Outdoors & Fitness",2.0%,https://www.iGive.com/sportsmans-guide,https://www.sportsmansguide.com
The Stitchery,General Retail & Shopping,2.0%,https://www.iGive.com/stitchery,https://www.stitchery.com
The Supplies Shops,General Retail & Shopping,0.4%,https://www.iGive.com/suppliesshops,https://www.suppliesshops.com
Theo & George,General Retail & Shopping,2.8%,https://www.iGive.com/theo-and-george,https://theoandgeorge.com
Thomas Earnshaw,General Retail & Shopping,4.0%,https://www.iGive.com/thomas-earnshaw,https://thomas-earnshaw.com
Thorlos,General Retail & Shopping,2.4%,https://www.iGive.com/thorlo,https://thorlo.com
Threads 4 Thought,"Apparel, Shoes & Fashion",1.2%,https://www.iGive.com/threads-for-thought,https://www.threads4thought.com
Ticket Liquidator,"Travel, Hotels & Vehicles",2.8%,https://www.iGive.com/ticket-liquidator,https://www.ticketliquidator.com
TicketNetwork,"Travel, Hotels & Vehicles",1.6%,https://www.iGive.com/ticket-network,https://www.ticketnetwork.com
TicketSmarter,"Travel, Hotels & Vehicles",2.4%,https://www.iGive.com/ticket-smarter,https://www.ticketsmarter.com
Tiger Direct,General Retail & Shopping,0.8%,https://www.iGive.com/tigerdirect,https://www.tigerdirect.com
Tilly's,General Retail & Shopping,0.8%,https://www.iGive.com/tillys,https://www.tillys.com
Timex,General Retail & Shopping,0.4%,https://www.iGive.com/timex,https://timex.com
Tire Agent,"Travel, Hotels & Vehicles",1.6%,https://www.iGive.com/tire-agent,https://www.tireagent.com
Tire Rack,"Travel, Hotels & Vehicles",1.2%,https://www.iGive.com/m.tirerack,https://www.tirerack.com
TireBuyer,"Travel, Hotels & Vehicles",2.4%,https://www.iGive.com/tire-buyer,https://www.tirebuyer.com
TireMart,"Travel, Hotels & Vehicles",3.2%,https://www.iGive.com/bestusedtires,https://www.tiremart.com
Tkees,General Retail & Shopping,1.6%,https://www.iGive.com/tkees,https://tkees.com
Toast!,General Retail & Shopping,4.0%,https://www.iGive.com/alwaystoast,https://alwaystoast.com
Tom & Sheri's Products,General Retail & Shopping,2.4%,https://www.iGive.com/tom-and-sheri,https://www.tomandsheri.com
TomboyX,General Retail & Shopping,1.6%,https://www.iGive.com/tomboyx,https://tomboyx.com
Tommy Hilfiger,General Retail & Shopping,0.8%,https://www.iGive.com/usa.tommy,Manual Check Required
Tommy John,General Retail & Shopping,0.8%,https://www.iGive.com/tommy-john,https://www.tommyjohn.com
TOMS Shoes,"Apparel, Shoes & Fashion",2.0%,https://www.iGive.com/toms,https://www.toms.com
Ton-Up Clothing,"Apparel, Shoes & Fashion",4.0%,https://www.iGive.com/ton-up,Manual Check Required
Tools Today,"Home, Garden & Appliances",0.4%,https://www.iGive.com/tools-today,https://toolstoday.com
Topman,General Retail & Shopping,1.2%,https://www.iGive.com/topman,Manual Check Required
Total Diabetes Supply,General Retail & Shopping,1.6%,https://www.iGive.com/total-diabetes-supply,https://www.totaldiabetessupply.com
Total Gym Direct,"Sports, Outdoors & Fitness",2.0%,https://www.iGive.com/total-gym,https://totalgym.com
Total Tea,"Food, Wine & Gifts",4.0%,https://www.iGive.com/total-tea,https://www.totaltea.com
Tractive,"Sports, Outdoors & Fitness",8.0%,https://www.iGive.com/tractive,https://tractive.com
Tractor Supply Company,General Retail & Shopping,2.4%,https://www.iGive.com/tractor-supply,Manual Check Required
Transcend Labs,General Retail & Shopping,10.0%,https://www.iGive.com/transcend-labs,Manual Check Required
Travelocity.ca,"Travel, Hotels & Vehicles",0.8%,https://www.iGive.com/travelocit,Manual Check Required
Travelocity.com,"Travel, Hotels & Vehicles",0.8%,https://www.iGive.com/travelocity,Manual Check Required
TravisMathew,General Retail & Shopping,1.2%,https://www.iGive.com/travis-mathew,https://travismathew.com
Tremendous Parfum,"Health, Beauty & Personal Care",2.0%,https://www.iGive.com/perfume-spot,https://tremendousparfum.com
Trend Micro,General Retail & Shopping,8.0%,https://www.iGive.com/trend-micro,https://www.trendmicro.com
Trip.com,"Travel, Hotels & Vehicles",0.4%,https://www.iGive.com/pages-trip,https://us.trip.com
Tripadvisor,"Travel, Hotels & Vehicles",3.6%,https://www.iGive.com/trip-advisor,Manual Check Required
Tropical Oasis,General Retail & Shopping,4.0%,https://www.iGive.com/tropical-oasis,https://tropicaloasis.com
Troy-Bilt,General Retail & Shopping,1.6%,https://www.iGive.com/troy-bilt,https://www.troybilt.com
True Religion,"Apparel, Shoes & Fashion",2.0%,https://www.iGive.com/True-Religion,https://www.truereligion.com
Trust & Will,General Retail & Shopping,6.0%,https://www.iGive.com/trust-and-will,https://trustwill.com
Tundra FMP,General Retail & Shopping,2.0%,https://www.iGive.com/etundra,https://www.tundrafmp.com
TunnelBear,General Retail & Shopping,Special Rate,https://www.iGive.com/tunnelbear,https://www.tunnelbear.com
TVC-Mall.com,General Retail & Shopping,3.4%,https://www.iGive.com/tvc-mall,https://www.tvcmall.com
Twillory,General Retail & Shopping,1.6%,https://www.iGive.com/twillory,https://twillory.com
U Beauty,"Health, Beauty & Personal Care",2.0%,https://www.iGive.com/theubeauty,https://ubeauty.com
U.S. Polo Assn.,General Retail & Shopping,1.6%,https://www.iGive.com/uspolo,https://www.uspolo.com
UGears,"Sports, Outdoors & Fitness",2.8%,https://www.iGive.com/ugear,Manual Check Required
UGG,General Retail & Shopping,0.8%,https://www.iGive.com/ugg,Manual Check Required
UnbeatableSale,General Retail & Shopping,4.8%,https://www.iGive.com/unbeatable-sale,https://www.unbeatablesale.com
UNIONBAY,General Retail & Shopping,2.0%,https://www.iGive.com/unionbay,https://www.unionbay.com
Unique Wellness,"Health, Beauty & Personal Care",2.8%,https://www.iGive.com/unique-wellness,https://www.uniquewellness.com
Unique-Vintage,General Retail & Shopping,3.2%,https://www.iGive.com/unique-vintage,https://www.unique-vintage.com
Universal Standard,General Retail & Shopping,1.6%,https://www.iGive.com/universalstandard,https://www.universalstandard.com
Uniworld,General Retail & Shopping,2.0%,https://www.iGive.com/uniworld,https://www.uniworld.com
Unstoppable Domains,"Electronics, Software & Office",8.0%,https://www.iGive.com/get.unstoppabledomains,https://unstoppabledomains.com
Urban Skin Rx,"Health, Beauty & Personal Care",2.4%,https://www.iGive.com/urbanskinrx,https://urbanskinrx.com
UrbanStems,General Retail & Shopping,0.8%,https://www.iGive.com/urbanstems,https://urbanstems.com
USA TODAY Network,General Retail & Shopping,Special Rate,https://www.iGive.com/cm.usatodaynetwork,Manual Check Required
UsedPhotoPro,"Electronics, Software & Office",1.2%,https://www.iGive.com/used-photo-pro,https://usedphotopro.com
Utrecht Art Supplies,"Toys, Crafts, Books & Music",1.2%,https://www.iGive.com/utrecht-art,https://www.utrechtart.com
V4INK,"Electronics, Software & Office",7.2%,https://www.iGive.com/v4ink,https://www.v4ink.com
Vanity Planet,General Retail & Shopping,2.0%,https://www.iGive.com/vanity-planet,https://www.vanityplanet.com
Vans Shoes,"Apparel, Shoes & Fashion",0.8%,https://www.iGive.com/vans,Manual Check Required
VaporFi,General Retail & Shopping,4.0%,https://www.iGive.com/vaporfi,https://www.vaporfi.com
Vegamour,"Health, Beauty & Personal Care",2.0%,https://www.iGive.com/vegamour,https://vegamour.com
Vegas.com,General Retail & Shopping,0.8%,https://www.iGive.com/vegas,https://www.vegas.com
Vera Bradley,"Apparel, Shoes & Fashion",1.2%,https://www.iGive.com/outlet.verabradley,https://verabradley.com
Verizon Wireless,"Electronics, Software & Office",4.0%,https://www.iGive.com/Verizon-Wireless,https://www.verizon.com
Veronica Beard,General Retail & Shopping,1.2%,https://www.iGive.com/Veronica-Beard,https://veronicabeard.com
Versed,General Retail & Shopping,2.4%,https://www.iGive.com/versed,https://www.versed.com
Veterans Advantage,Pets & Animals,Special Rate,https://www.iGive.com/veterans-advantage,https://www.wesalute.com
Vevor,General Retail & Shopping,1.2%,https://www.iGive.com/vevor,Manual Check Required
"Viator, a Tripadvisor Company","Travel, Hotels & Vehicles",1.6%,https://www.iGive.com/viator,Manual Check Required
Vichy Canada,General Retail & Shopping,2.4%,https://www.iGive.com/vich,Manual Check Required
VIDA,General Retail & Shopping,2.0%,https://www.iGive.com/shopvida,https://shopvida.com
VINCE,General Retail & Shopping,2.4%,https://www.iGive.com/vince,https://www.vince.com
Vince Camuto,General Retail & Shopping,3.6%,https://www.iGive.com/vince-camuto,https://www.vincecamuto.com
Vineyard Vines,General Retail & Shopping,1.2%,https://www.iGive.com/vineyard-vines,https://www.vineyardvines.com
Vintage Havana,General Retail & Shopping,4.0%,https://www.iGive.com/vintage-havana,https://vintagehavana.com
Visible,General Retail & Shopping,Special Rate,https://www.iGive.com/visible,https://www.visible.com
Vistaprint,"Electronics, Software & Office",1.6%,https://www.iGive.com/vistaprint,https://www.vistaprint.com
Vistaprint Canada,"Electronics, Software & Office",1.6%,https://www.iGive.com/vistaprin,Manual Check Required
Vital Choice Wild Seafood & Organics,"Food, Wine & Gifts",1.2%,https://www.iGive.com/vital-choice,https://www.vitalchoice.com
VitalSleep,General Retail & Shopping,6.0%,https://www.iGive.com/vitalsleep,https://www.vitalsleep.com
Vitamix,General Retail & Shopping,2.0%,https://www.iGive.com/vitamix,https://www.vitamix.com
Vive CBD,"Health, Beauty & Personal Care",9.2%,https://www.iGive.com/vive-cbd,https://vivecbd.com
Vivid Seats,General Retail & Shopping,1.6%,https://www.iGive.com/vivid-seats,https://www.vividseats.com
VIVOSUN,General Retail & Shopping,3.2%,https://www.iGive.com/vivosun,https://www.vivosun.com
ViX Swimwear,"Apparel, Shoes & Fashion",0.8%,https://www.iGive.com/vix-swimwear,Manual Check Required
VoiPly,General Retail & Shopping,Special Rate,https://www.iGive.com/voiply,https://www.voiply.com
Volcanica Coffee,"Food, Wine & Gifts",2.0%,https://www.iGive.com/volcanica--coffee,https://volcanicacoffee.com
Volcom,General Retail & Shopping,4.0%,https://www.iGive.com/volcom,https://www.volcom.com
Vrbo,General Retail & Shopping,0.8%,https://www.iGive.com/vrbo,Manual Check Required
Vrbo CA,General Retail & Shopping,0.8%,https://www.iGive.com/Vrbo-Canada,Manual Check Required
VSP,General Retail & Shopping,Special Rate,https://www.iGive.com/vsp,https://www.vsp.com
VSSL Outdoor Utility Tools,"Home, Garden & Appliances",2.0%,https://www.iGive.com/vssl-outdoor-utility-tools,Manual Check Required
W concept,General Retail & Shopping,3.2%,https://www.iGive.com/us.wconcept,https://www.wconcept.com
Waders.com,General Retail & Shopping,3.2%,https://www.iGive.com/waders,https://waders.com
WagJag,General Retail & Shopping,2.0%,https://www.iGive.com/wagjag,Manual Check Required
Waldorf Astoria,General Retail & Shopping,1.6%,https://www.iGive.com/waldorf-astoria,Manual Check Required
Walgreens,General Retail & Shopping,1.6%,https://www.iGive.com/walgreens,https://www.walgreens.com
Walk-In Lab,General Retail & Shopping,2.0%,https://www.iGive.com/walk-in-lab,https://www.walkinlab.com
Walmart,"Toys, Crafts, Books & Music",Special Rate,https://www.iGive.com/walmart,https://www.walmart.com
Walmart Canada,"Toys, Crafts, Books & Music",0.4%,https://www.iGive.com/walmar,https://www.walmar.com
Wantable,General Retail & Shopping,Special Rate,https://www.iGive.com/wantable,Manual Check Required
Watch Station International,"Apparel, Shoes & Fashion",0.4%,https://www.iGive.com/watch-station-international,Manual Check Required
WaterFilters.net,General Retail & Shopping,1.2%,https://www.iGive.com/water-filters,https://waterfilters.com
Waterford Crystal,General Retail & Shopping,2.4%,https://www.iGive.com/waterford,https://www.waterford.com
Way.com (Parking),General Retail & Shopping,2.8%,https://www.iGive.com/way,https://www.way.com
We Craft Box,"Toys, Crafts, Books & Music",4.0%,https://www.iGive.com/we-craft-box,https://wecraftbox.com
Webroot Software,"Electronics, Software & Office",2.0%,https://www.iGive.com/webroot,https://www.webroot.com
Wedgwood,General Retail & Shopping,2.4%,https://www.iGive.com/wedgwood,https://www.wedgwood.com
WeightWatchers,"Apparel, Shoes & Fashion",Special Rate,https://www.iGive.com/signup.weightwatchers,https://www.weightwatchers.com
WeightWatchers.ca,"Apparel, Shoes & Fashion",Special Rate,https://www.iGive.com/weight-watchers-ca,https://www.weightwatchers.com
Welry,"Apparel, Shoes & Fashion",2.0%,https://www.iGive.com/jewelry,Manual Check Required
West49,General Retail & Shopping,1.2%,https://www.iGive.com/west49,https://west49.com
Wet n Wild Beauty,"Health, Beauty & Personal Care",2.4%,https://www.iGive.com/wetnwild,https://www.wetnwild.com
Whatever Works,General Retail & Shopping,2.0%,https://www.iGive.com/whatever-works,https://www.whateverworks.com
White + Warren,General Retail & Shopping,2.4%,https://www.iGive.com/white-warren,Manual Check Required
White House | Black Market,General Retail & Shopping,1.6%,https://www.iGive.com/white-house,https://www.whitehouse.com
White Mountain Products,General Retail & Shopping,2.4%,https://www.iGive.com/white-mountain-products,https://www.whitemountainproducts.com
Wholesale Chess,General Retail & Shopping,2.4%,https://www.iGive.com/wholesale-chess,https://www.wholesalechess.com
Wicked Good Cupcakes,General Retail & Shopping,2.4%,https://www.iGive.com/wicked-good-cupcakes,https://www.wickedgoodcupcakes.com
Willmaker,General Retail & Shopping,10.0%,https://www.iGive.com/willmaker,https://www.willmaker.com
WillowTree,General Retail & Shopping,2.0%,https://www.iGive.com/willowtree,https://www.willowtree.com
Wilson Sporting Goods,General Retail & Shopping,1.6%,https://www.iGive.com/wilson,Manual Check Required
Wilsons Leather,General Retail & Shopping,2.8%,https://www.iGive.com/wilsons-leather,https://www.wilsonsleather.com
Winc,General Retail & Shopping,4.0%,https://www.iGive.com/winc,https://www.winc.com
Windsor,General Retail & Shopping,1.6%,https://www.iGive.com/windsor,Manual Check Required
Windy City Novelties,General Retail & Shopping,3.2%,https://www.iGive.com/windy-city,https://www.windycity.com
Wine Access,"Food, Wine & Gifts",0.8%,https://www.iGive.com/wine-access,https://www.wineaccess.com
Wine Awesomeness,"Food, Wine & Gifts",3.2%,https://www.iGive.com/wine-awesomeness,https://wineinsiders.com
Wine Enthusiast,"Food, Wine & Gifts",1.2%,https://www.iGive.com/Wine-Enthusiast,Manual Check Required
Wine Insiders,"Food, Wine & Gifts",Special Rate,https://www.iGive.com/wine-insiders,https://wineinsiders.com
Wine.com,"Food, Wine & Gifts",0.8%,https://www.iGive.com/wine,https://www.wine.com
Winky Lux,"Electronics, Software & Office",3.2%,https://www.iGive.com/winky-lux,https://winkylux.com
Wish,General Retail & Shopping,1.6%,https://www.iGive.com/wish,https://www.wish.com
WishGarden Herbs,"Home, Garden & Appliances",0.8%,https://www.iGive.com/wishgarden,https://wishgarden.com
WND&WVS,General Retail & Shopping,2.4%,https://www.iGive.com/wnd-wvs,Manual Check Required
Wolfermans,General Retail & Shopping,1.2%,https://www.iGive.com/wolfermans,https://www.wolfermans.com
Wolters Kluwer Legal & Regulatory US,General Retail & Shopping,4.0%,https://www.iGive.com/wolters-kluwer,https://www.wolterskluwer.com
Woodwind & Brasswind,"Apparel, Shoes & Fashion",2.0%,https://www.iGive.com/woodwind-brasswind,Manual Check Required
Wooflinen,General Retail & Shopping,5.2%,https://www.iGive.com/wooflinen,https://wooflinen.com
World Nutrition Inc.,"Health, Beauty & Personal Care",8.0%,https://www.iGive.com/world-nutrition,Manual Check Required
World Wide Stereo,General Retail & Shopping,1.2%,https://www.iGive.com/world-wide-stereo,https://www.worldwidestereo.com
Wrangler,"Apparel, Shoes & Fashion",0.8%,https://www.iGive.com/wrangler,https://www.wrangler.com
Xfinity Mobile,"Electronics, Software & Office",Special Rate,https://www.iGive.com/xfinity,Manual Check Required
Xtrema,General Retail & Shopping,2.0%,https://www.iGive.com/xtrema,https://xtrema.com
Yaasa,General Retail & Shopping,2.4%,https://www.iGive.com/yaasa,https://yaasa.com
YOOX.COM,General Retail & Shopping,1.2%,https://www.iGive.com/yoox,https://www.yoox.com
YOSUDA,General Retail & Shopping,2.0%,https://www.iGive.com/yosuda,https://www.kessudaholistichealing.com
Young Explorers,General Retail & Shopping,2.0%,https://www.iGive.com/young-explorers,https://www.youngexplorers.com
YSL Beauty Canada,"Health, Beauty & Personal Care",1.6%,https://www.iGive.com/ysl-beauty-canada,Manual Check Required
Yumi Kim,General Retail & Shopping,1.6%,https://www.iGive.com/yumi-kim,https://yumikim.com
ZAGG,General Retail & Shopping,2.4%,https://www.iGive.com/zagg,https://www.zagg.com
Zappos,"Electronics, Software & Office",0.8%,https://www.iGive.com/zappos,https://www.zappos.com
Zavvi,General Retail & Shopping,0.4%,https://www.iGive.com/zavvi,https://www.zavvi.com
ZOBHA,"Apparel, Shoes & Fashion",3.2%,https://www.iGive.com/zobha,https://www.zobha.com
Zoro,General Retail & Shopping,1.6%,https://www.iGive.com/zoro,Manual Check Required
Zotto Sleep,General Retail & Shopping,2.0%,https://www.iGive.com/zotto,https://zottosleep.com
